sc_id,month,retailer_id,business_unit,planned_facings,actual_facings,facing_compliance,planned_sos_pct,actual_sos_pct,sos_gap_pct,planogram_compliance_pct,osa_pct,oos_incidents,num_skus_in_reset,unauthorized_skus
1,1,R01,Condiments & Sauces,6,6,100.0,34.4,35.5,1.1,72.1,92.5,4,13,2
2,2,R01,Condiments & Sauces,5,3,60.0,22.9,22.9,0.0,53.2,92.8,8,13,3
3,3,R01,Condiments & Sauces,4,3,75.0,26.9,27.3,0.4,65.6,88.2,9,13,0
4,4,R01,Condiments & Sauces,6,4,66.7,42.7,44.0,1.3,53.0,89.7,12,13,0
5,5,R01,Condiments & Sauces,3,2,66.7,39.3,35.8,-3.5,53.9,95.9,15,13,0
6,6,R01,Condiments & Sauces,5,4,80.0,37.4,30.5,-6.9,48.2,94.1,12,13,1
7,7,R01,Condiments & Sauces,7,6,85.7,44.5,42.5,-2.0,76.2,91.0,4,13,2
8,8,R01,Condiments & Sauces,8,6,75.0,28.0,23.9,-4.1,77.0,95.7,15,13,3
9,9,R01,Condiments & Sauces,4,3,75.0,39.8,40.9,1.1,47.2,90.6,5,13,2
10,10,R01,Condiments & Sauces,2,2,100.0,42.5,41.5,-1.0,77.5,93.5,12,13,0
11,11,R01,Condiments & Sauces,3,2,66.7,33.9,28.1,-5.8,56.3,93.4,15,13,0
12,12,R01,Condiments & Sauces,7,6,85.7,25.2,22.1,-3.1,82.9,97.4,4,13,2
13,1,R02,Condiments & Sauces,7,6,85.7,22.6,22.5,-0.1,67.9,93.5,8,13,0
14,2,R02,Condiments & Sauces,4,3,75.0,29.2,28.1,-1.1,69.8,98.4,9,13,0
15,3,R02,Condiments & Sauces,4,3,75.0,24.4,25.1,0.7,57.5,88.6,10,13,0
16,4,R02,Condiments & Sauces,6,6,100.0,28.5,27.8,-0.7,74.3,88.2,5,13,0
17,5,R02,Condiments & Sauces,8,6,75.0,24.5,24.7,0.2,63.2,95.3,2,13,0
18,6,R02,Condiments & Sauces,7,6,85.7,25.0,21.9,-3.1,78.7,89.1,4,13,1
19,7,R02,Condiments & Sauces,6,4,66.7,22.7,21.0,-1.7,63.5,97.8,6,13,3
20,8,R02,Condiments & Sauces,8,7,87.5,29.0,28.0,-1.0,59.4,94.5,15,13,0
21,9,R02,Condiments & Sauces,6,6,100.0,27.6,26.5,-1.1,77.5,95.0,9,13,0
22,10,R02,Condiments & Sauces,6,5,83.3,21.6,18.1,-3.5,60.7,90.2,2,13,1
23,11,R02,Condiments & Sauces,2,1,50.0,32.3,33.4,1.1,50.7,96.5,7,13,3
24,12,R02,Condiments & Sauces,6,6,100.0,33.2,34.5,1.3,80.4,95.5,7,13,3
25,1,R03,Condiments & Sauces,2,1,50.0,27.0,23.0,-4.0,79.3,98.5,6,13,0
26,2,R03,Condiments & Sauces,4,3,75.0,37.8,33.4,-4.4,54.8,91.5,2,13,0
27,3,R03,Condiments & Sauces,6,5,83.3,24.2,24.9,0.7,57.7,95.6,9,13,3
28,4,R03,Condiments & Sauces,6,5,83.3,30.6,24.5,-6.1,66.5,91.1,6,13,2
29,5,R03,Condiments & Sauces,5,4,80.0,43.9,40.7,-3.2,90.0,89.6,0,13,3
30,6,R03,Condiments & Sauces,4,3,75.0,20.5,17.3,-3.2,68.1,91.8,13,13,0
31,7,R03,Condiments & Sauces,5,5,100.0,22.4,22.8,0.4,69.4,97.1,13,13,0
32,8,R03,Condiments & Sauces,8,7,87.5,43.8,38.9,-4.9,68.9,93.1,3,13,3
33,9,R03,Condiments & Sauces,3,2,66.7,22.3,17.9,-4.4,51.8,88.7,2,13,2
34,10,R03,Condiments & Sauces,5,5,100.0,39.4,40.6,1.2,76.4,97.3,8,13,0
35,11,R03,Condiments & Sauces,8,6,75.0,30.5,31.6,1.1,54.2,95.7,9,13,3
36,12,R03,Condiments & Sauces,5,5,100.0,40.6,35.5,-5.1,53.9,94.1,4,13,3
37,1,R04,Condiments & Sauces,2,2,100.0,40.0,35.3,-4.7,71.0,92.6,2,13,3
38,2,R04,Condiments & Sauces,4,3,75.0,20.5,21.3,0.8,45.4,88.1,7,13,2
39,3,R04,Condiments & Sauces,8,8,100.0,28.7,24.6,-4.1,66.7,97.7,7,13,1
40,4,R04,Condiments & Sauces,6,4,66.7,42.4,36.1,-6.3,86.8,93.0,0,13,3
41,5,R04,Condiments & Sauces,6,6,100.0,27.8,28.4,0.6,47.3,95.4,0,13,3
42,6,R04,Condiments & Sauces,8,6,75.0,39.9,36.9,-3.0,80.1,90.3,9,13,3
43,7,R04,Condiments & Sauces,6,4,66.7,32.8,32.0,-0.8,58.1,89.4,0,13,0
44,8,R04,Condiments & Sauces,6,5,83.3,30.5,30.5,0.0,76.2,92.7,0,13,3
45,9,R04,Condiments & Sauces,6,5,83.3,28.6,27.6,-1.0,47.3,90.7,4,13,1
46,10,R04,Condiments & Sauces,2,2,100.0,21.3,18.0,-3.3,76.5,94.1,1,13,1
47,11,R04,Condiments & Sauces,3,3,100.0,27.7,24.7,-3.0,67.8,96.0,3,13,0
48,12,R04,Condiments & Sauces,8,7,87.5,32.1,26.4,-5.7,54.7,94.2,12,13,1
49,1,R05,Condiments & Sauces,4,3,75.0,25.8,25.4,-0.4,52.3,92.9,14,13,2
50,2,R05,Condiments & Sauces,8,7,87.5,44.9,42.7,-2.2,68.0,91.6,4,13,1
51,3,R05,Condiments & Sauces,2,1,50.0,25.3,22.2,-3.1,85.5,96.7,7,13,2
52,4,R05,Condiments & Sauces,4,4,100.0,29.5,24.8,-4.7,70.0,90.6,11,13,0
53,5,R05,Condiments & Sauces,2,1,50.0,34.3,30.0,-4.3,60.2,94.5,0,13,0
54,6,R05,Condiments & Sauces,6,6,100.0,43.6,44.8,1.2,60.8,90.1,15,13,0
55,7,R05,Condiments & Sauces,5,4,80.0,28.2,26.6,-1.6,52.2,93.8,15,13,1
56,8,R05,Condiments & Sauces,2,1,50.0,28.0,26.7,-1.3,61.8,95.2,1,13,1
57,9,R05,Condiments & Sauces,2,1,50.0,36.1,31.8,-4.3,52.2,88.4,2,13,2
58,10,R05,Condiments & Sauces,7,6,85.7,44.9,45.8,0.9,85.7,97.0,3,13,2
59,11,R05,Condiments & Sauces,7,6,85.7,35.3,33.2,-2.1,75.5,95.4,12,13,1
60,12,R05,Condiments & Sauces,3,2,66.7,24.2,24.1,-0.1,72.5,95.1,0,13,3
61,1,R06,Condiments & Sauces,8,8,100.0,26.3,25.3,-1.0,58.5,97.8,9,13,1
62,2,R06,Condiments & Sauces,4,3,75.0,27.0,25.7,-1.3,82.7,92.8,11,13,0
63,3,R06,Condiments & Sauces,3,2,66.7,36.4,33.9,-2.5,76.6,92.0,3,13,2
64,4,R06,Condiments & Sauces,6,4,66.7,22.7,19.0,-3.7,50.4,92.9,3,13,3
65,5,R06,Condiments & Sauces,7,6,85.7,23.3,21.8,-1.5,60.7,95.5,15,13,2
66,6,R06,Condiments & Sauces,6,6,100.0,32.2,30.8,-1.4,47.2,92.5,2,13,1
67,7,R06,Condiments & Sauces,7,6,85.7,20.9,20.4,-0.5,65.1,91.5,9,13,2
68,8,R06,Condiments & Sauces,3,2,66.7,28.8,23.3,-5.5,64.7,96.5,14,13,3
69,9,R06,Condiments & Sauces,7,6,85.7,24.4,20.4,-4.0,51.6,90.0,6,13,0
70,10,R06,Condiments & Sauces,3,3,100.0,41.4,40.4,-1.0,56.7,96.8,2,13,2
71,11,R06,Condiments & Sauces,4,3,75.0,32.7,32.9,0.2,55.6,95.9,3,13,0
72,12,R06,Condiments & Sauces,7,7,100.0,33.7,30.0,-3.7,73.3,93.4,4,13,1
73,1,R07,Condiments & Sauces,3,2,66.7,34.5,29.3,-5.2,77.6,98.7,7,13,3
74,2,R07,Condiments & Sauces,8,6,75.0,23.2,21.7,-1.5,55.4,90.5,4,13,3
75,3,R07,Condiments & Sauces,5,5,100.0,21.5,18.4,-3.1,71.1,93.0,0,13,0
76,4,R07,Condiments & Sauces,5,4,80.0,35.7,33.2,-2.5,62.0,97.4,15,13,2
77,5,R07,Condiments & Sauces,4,3,75.0,29.6,25.8,-3.8,61.8,93.5,0,13,1
78,6,R07,Condiments & Sauces,6,6,100.0,41.7,34.0,-7.7,67.8,90.8,11,13,3
79,7,R07,Condiments & Sauces,2,1,50.0,32.7,26.7,-6.0,47.8,89.7,11,13,2
80,8,R07,Condiments & Sauces,8,7,87.5,39.2,31.5,-7.7,60.7,94.5,9,13,2
81,9,R07,Condiments & Sauces,5,4,80.0,34.8,34.5,-0.3,49.0,93.5,4,13,1
82,10,R07,Condiments & Sauces,4,3,75.0,40.3,32.6,-7.7,89.1,91.4,4,13,2
83,11,R07,Condiments & Sauces,8,7,87.5,25.0,22.2,-2.8,59.3,97.3,5,13,1
84,12,R07,Condiments & Sauces,2,1,50.0,38.4,33.7,-4.7,66.3,89.4,0,13,0
85,1,R08,Condiments & Sauces,8,6,75.0,39.7,35.7,-4.0,45.0,91.9,3,13,1
86,2,R08,Condiments & Sauces,4,3,75.0,36.8,37.9,1.1,63.7,93.8,14,13,0
87,3,R08,Condiments & Sauces,7,5,71.4,21.6,22.2,0.6,71.7,95.8,0,13,3
88,4,R08,Condiments & Sauces,8,6,75.0,32.1,26.0,-6.1,74.2,88.2,13,13,1
89,5,R08,Condiments & Sauces,4,3,75.0,42.0,37.0,-5.0,89.0,92.9,4,13,2
90,6,R08,Condiments & Sauces,5,5,100.0,23.0,19.1,-3.9,87.6,96.0,8,13,3
91,7,R08,Condiments & Sauces,7,5,71.4,35.8,37.5,1.7,74.8,92.8,14,13,1
92,8,R08,Condiments & Sauces,5,4,80.0,44.5,45.4,0.9,72.0,97.4,11,13,3
93,9,R08,Condiments & Sauces,3,2,66.7,20.7,19.1,-1.6,45.3,88.4,12,13,1
94,10,R08,Condiments & Sauces,8,8,100.0,23.2,21.4,-1.8,68.9,96.6,9,13,0
95,11,R08,Condiments & Sauces,6,4,66.7,43.1,39.1,-4.0,47.0,96.9,6,13,3
96,12,R08,Condiments & Sauces,7,6,85.7,27.6,26.2,-1.4,80.3,88.9,9,13,1
97,1,R09,Condiments & Sauces,8,6,75.0,27.2,22.1,-5.1,58.6,88.8,6,13,0
98,2,R09,Condiments & Sauces,6,5,83.3,21.4,19.1,-2.3,48.2,93.1,15,13,3
99,3,R09,Condiments & Sauces,3,2,66.7,35.0,36.7,1.7,74.0,95.9,5,13,1
100,4,R09,Condiments & Sauces,3,2,66.7,22.9,19.9,-3.0,57.1,97.2,4,13,2
101,5,R09,Condiments & Sauces,8,8,100.0,33.6,35.0,1.4,82.6,97.0,15,13,3
102,6,R09,Condiments & Sauces,3,3,100.0,20.2,17.4,-2.8,60.7,97.1,13,13,0
103,7,R09,Condiments & Sauces,5,5,100.0,36.1,37.4,1.3,52.8,97.9,6,13,0
104,8,R09,Condiments & Sauces,3,2,66.7,41.2,35.8,-5.4,49.0,92.1,7,13,0
105,9,R09,Condiments & Sauces,8,6,75.0,20.3,20.9,0.6,74.9,89.0,1,13,3
106,10,R09,Condiments & Sauces,6,4,66.7,27.3,26.0,-1.3,76.7,93.7,14,13,3
107,11,R09,Condiments & Sauces,6,5,83.3,39.5,34.6,-4.9,73.4,88.2,2,13,1
108,12,R09,Condiments & Sauces,6,5,83.3,39.2,41.0,1.8,54.7,88.6,5,13,2
109,1,R10,Condiments & Sauces,4,3,75.0,26.4,22.1,-4.3,51.6,97.8,14,13,2
110,2,R10,Condiments & Sauces,8,8,100.0,32.8,31.6,-1.2,53.1,89.1,3,13,3
111,3,R10,Condiments & Sauces,7,7,100.0,21.5,19.1,-2.4,61.9,96.9,5,13,1
112,4,R10,Condiments & Sauces,6,4,66.7,27.1,23.9,-3.2,51.1,96.4,4,13,2
113,5,R10,Condiments & Sauces,4,3,75.0,22.8,18.4,-4.4,89.1,91.4,5,13,1
114,6,R10,Condiments & Sauces,4,3,75.0,20.1,19.1,-1.0,81.1,88.6,10,13,1
115,7,R10,Condiments & Sauces,6,4,66.7,34.0,28.6,-5.4,56.2,93.7,15,13,3
116,8,R10,Condiments & Sauces,4,3,75.0,32.1,28.4,-3.7,86.0,91.7,5,13,1
117,9,R10,Condiments & Sauces,7,6,85.7,44.1,44.0,-0.1,60.1,91.2,10,13,3
118,10,R10,Condiments & Sauces,6,5,83.3,43.3,43.9,0.6,82.1,88.9,12,13,1
119,11,R10,Condiments & Sauces,7,7,100.0,26.1,23.7,-2.4,69.5,88.1,13,13,2
120,12,R10,Condiments & Sauces,7,5,71.4,41.2,37.3,-3.9,76.6,96.5,10,13,3
121,1,R01,Pasta Sauces,2,2,100.0,32.8,31.6,-1.2,51.4,96.9,15,3,2
122,2,R01,Pasta Sauces,6,5,83.3,30.4,31.1,0.7,78.6,99.0,14,3,2
123,3,R01,Pasta Sauces,2,1,50.0,44.8,37.5,-7.3,53.2,94.9,7,3,1
124,4,R01,Pasta Sauces,6,5,83.3,24.5,20.4,-4.1,68.7,91.7,8,3,0
125,5,R01,Pasta Sauces,3,3,100.0,37.1,34.1,-3.0,73.2,90.6,2,3,0
126,6,R01,Pasta Sauces,3,3,100.0,39.2,37.4,-1.8,79.3,97.5,6,3,1
127,7,R01,Pasta Sauces,4,4,100.0,42.9,35.1,-7.8,57.2,98.2,5,3,3
128,8,R01,Pasta Sauces,6,5,83.3,21.0,18.8,-2.2,83.3,91.4,4,3,2
129,9,R01,Pasta Sauces,4,4,100.0,29.7,28.4,-1.3,58.9,89.9,13,3,1
130,10,R01,Pasta Sauces,8,7,87.5,33.0,30.6,-2.4,47.0,90.5,11,3,2
131,11,R01,Pasta Sauces,5,4,80.0,27.6,27.4,-0.2,80.6,96.0,11,3,1
132,12,R01,Pasta Sauces,5,4,80.0,39.9,36.4,-3.5,74.0,93.5,11,3,1
133,1,R02,Pasta Sauces,7,7,100.0,26.8,21.7,-5.1,60.5,92.3,9,3,1
134,2,R02,Pasta Sauces,5,4,80.0,35.6,34.8,-0.8,79.2,94.1,1,3,3
135,3,R02,Pasta Sauces,2,2,100.0,21.9,20.5,-1.4,52.3,91.6,15,3,3
136,4,R02,Pasta Sauces,3,2,66.7,23.1,21.5,-1.6,77.1,98.6,15,3,2
137,5,R02,Pasta Sauces,8,8,100.0,20.3,16.4,-3.9,48.5,90.3,5,3,1
138,6,R02,Pasta Sauces,3,2,66.7,41.4,37.9,-3.5,63.2,96.3,4,3,2
139,7,R02,Pasta Sauces,4,3,75.0,37.6,34.2,-3.4,60.9,91.3,12,3,3
140,8,R02,Pasta Sauces,4,3,75.0,40.7,39.5,-1.2,48.5,91.5,0,3,1
141,9,R02,Pasta Sauces,4,4,100.0,42.2,38.7,-3.5,66.3,98.6,14,3,2
142,10,R02,Pasta Sauces,5,5,100.0,29.8,29.0,-0.8,61.7,90.7,0,3,2
143,11,R02,Pasta Sauces,4,3,75.0,36.4,37.7,1.3,47.1,88.2,7,3,1
144,12,R02,Pasta Sauces,7,6,85.7,24.5,20.8,-3.7,84.7,90.1,0,3,2
145,1,R03,Pasta Sauces,4,3,75.0,40.1,38.8,-1.3,59.4,96.2,1,3,3
146,2,R03,Pasta Sauces,7,7,100.0,21.2,18.6,-2.6,88.9,91.1,3,3,1
147,3,R03,Pasta Sauces,4,3,75.0,29.9,29.0,-0.9,50.6,95.5,12,3,3
148,4,R03,Pasta Sauces,4,3,75.0,42.0,37.5,-4.5,90.2,90.9,14,3,0
149,5,R03,Pasta Sauces,3,3,100.0,22.7,18.7,-4.0,50.8,92.3,6,3,3
150,6,R03,Pasta Sauces,4,4,100.0,20.7,17.3,-3.4,85.9,92.0,7,3,2
151,7,R03,Pasta Sauces,8,6,75.0,41.9,43.2,1.3,86.1,93.9,10,3,1
152,8,R03,Pasta Sauces,4,3,75.0,34.8,34.5,-0.3,56.3,94.3,9,3,1
153,9,R03,Pasta Sauces,4,4,100.0,39.6,36.7,-2.9,51.9,98.2,11,3,2
154,10,R03,Pasta Sauces,7,6,85.7,22.7,22.5,-0.2,54.9,98.5,14,3,0
155,11,R03,Pasta Sauces,5,4,80.0,26.3,26.5,0.2,65.2,97.4,9,3,3
156,12,R03,Pasta Sauces,6,5,83.3,24.3,23.4,-0.9,62.6,90.1,10,3,0
157,1,R04,Pasta Sauces,4,3,75.0,39.3,39.6,0.3,66.7,96.2,15,3,3
158,2,R04,Pasta Sauces,7,5,71.4,33.9,27.2,-6.7,77.0,95.8,8,3,0
159,3,R04,Pasta Sauces,4,3,75.0,42.4,43.7,1.3,46.6,88.9,3,3,0
160,4,R04,Pasta Sauces,4,4,100.0,39.5,32.2,-7.3,62.7,89.0,5,3,0
161,5,R04,Pasta Sauces,4,3,75.0,39.3,39.5,0.2,58.6,91.5,15,3,3
162,6,R04,Pasta Sauces,4,3,75.0,31.6,27.1,-4.5,86.0,91.5,13,3,1
163,7,R04,Pasta Sauces,6,4,66.7,31.0,28.7,-2.3,63.1,93.1,12,3,3
164,8,R04,Pasta Sauces,7,6,85.7,43.4,39.5,-3.9,78.4,92.1,6,3,0
165,9,R04,Pasta Sauces,5,4,80.0,25.9,24.9,-1.0,87.9,90.3,12,3,0
166,10,R04,Pasta Sauces,2,1,50.0,21.5,18.9,-2.6,86.0,88.3,8,3,3
167,11,R04,Pasta Sauces,6,5,83.3,36.7,34.4,-2.3,68.2,98.3,7,3,0
168,12,R04,Pasta Sauces,4,3,75.0,29.0,23.3,-5.7,52.4,90.1,5,3,0
169,1,R05,Pasta Sauces,5,5,100.0,32.7,27.3,-5.4,79.9,96.9,6,3,3
170,2,R05,Pasta Sauces,2,1,50.0,25.5,23.0,-2.5,72.6,93.1,5,3,1
171,3,R05,Pasta Sauces,2,2,100.0,35.6,30.1,-5.5,47.8,91.6,7,3,2
172,4,R05,Pasta Sauces,3,2,66.7,40.8,39.1,-1.7,61.7,94.7,5,3,2
173,5,R05,Pasta Sauces,4,3,75.0,32.8,34.1,1.3,70.8,88.2,7,3,2
174,6,R05,Pasta Sauces,8,8,100.0,21.9,20.9,-1.0,50.5,88.4,4,3,0
175,7,R05,Pasta Sauces,4,3,75.0,28.6,26.2,-2.4,77.1,98.9,1,3,3
176,8,R05,Pasta Sauces,3,2,66.7,20.8,21.2,0.4,61.3,94.7,9,3,2
177,9,R05,Pasta Sauces,6,5,83.3,30.9,28.3,-2.6,78.4,98.4,4,3,2
178,10,R05,Pasta Sauces,4,3,75.0,44.4,38.5,-5.9,82.7,88.1,6,3,0
179,11,R05,Pasta Sauces,8,8,100.0,29.8,30.2,0.4,68.9,88.0,0,3,3
180,12,R05,Pasta Sauces,5,4,80.0,29.2,23.5,-5.7,62.9,93.0,0,3,2
181,1,R06,Pasta Sauces,8,7,87.5,25.3,25.2,-0.1,66.7,93.5,14,3,3
182,2,R06,Pasta Sauces,8,8,100.0,24.3,23.0,-1.3,51.2,97.4,14,3,3
183,3,R06,Pasta Sauces,5,5,100.0,29.4,24.8,-4.6,91.2,97.5,4,3,2
184,4,R06,Pasta Sauces,7,6,85.7,28.0,23.8,-4.2,47.7,89.5,8,3,2
185,5,R06,Pasta Sauces,2,1,50.0,33.3,32.2,-1.1,59.2,91.8,13,3,1
186,6,R06,Pasta Sauces,8,7,87.5,22.2,22.5,0.3,88.1,95.6,15,3,3
187,7,R06,Pasta Sauces,3,3,100.0,25.2,20.8,-4.4,66.1,89.1,10,3,2
188,8,R06,Pasta Sauces,6,5,83.3,37.7,34.2,-3.5,60.7,90.5,11,3,3
189,9,R06,Pasta Sauces,2,1,50.0,33.8,29.6,-4.2,47.4,89.8,13,3,0
190,10,R06,Pasta Sauces,7,6,85.7,20.9,17.2,-3.7,70.0,97.5,8,3,3
191,11,R06,Pasta Sauces,8,6,75.0,26.5,23.3,-3.2,55.3,92.7,2,3,2
192,12,R06,Pasta Sauces,4,4,100.0,37.4,38.6,1.2,81.0,88.8,13,3,1
193,1,R07,Pasta Sauces,6,5,83.3,44.3,44.7,0.4,66.3,98.6,11,3,2
194,2,R07,Pasta Sauces,7,6,85.7,31.6,29.5,-2.1,91.3,90.0,13,3,2
195,3,R07,Pasta Sauces,8,6,75.0,37.0,35.7,-1.3,87.7,96.1,7,3,0
196,4,R07,Pasta Sauces,5,4,80.0,39.0,35.9,-3.1,85.4,90.8,15,3,0
197,5,R07,Pasta Sauces,5,5,100.0,23.9,21.3,-2.6,85.2,97.3,15,3,2
198,6,R07,Pasta Sauces,8,8,100.0,36.8,32.8,-4.0,59.0,91.8,0,3,2
199,7,R07,Pasta Sauces,7,5,71.4,21.1,20.8,-0.3,83.2,90.2,14,3,0
200,8,R07,Pasta Sauces,7,7,100.0,42.0,33.6,-8.4,83.8,88.5,2,3,2
201,9,R07,Pasta Sauces,7,5,71.4,27.7,24.4,-3.3,83.3,97.1,6,3,0
202,10,R07,Pasta Sauces,7,6,85.7,31.3,29.4,-1.9,56.2,98.7,15,3,3
203,11,R07,Pasta Sauces,6,4,66.7,24.9,24.9,0.0,62.2,96.7,4,3,0
204,12,R07,Pasta Sauces,6,5,83.3,32.5,31.3,-1.2,61.7,95.8,15,3,0
205,1,R08,Pasta Sauces,3,2,66.7,39.2,31.7,-7.5,65.2,92.0,12,3,1
206,2,R08,Pasta Sauces,6,4,66.7,44.9,38.6,-6.3,66.6,90.3,14,3,3
207,3,R08,Pasta Sauces,5,4,80.0,31.1,31.1,0.0,49.5,94.4,10,3,1
208,4,R08,Pasta Sauces,8,8,100.0,29.4,26.3,-3.1,56.0,96.9,1,3,2
209,5,R08,Pasta Sauces,8,6,75.0,32.4,28.9,-3.5,87.9,98.8,5,3,2
210,6,R08,Pasta Sauces,2,1,50.0,39.6,36.8,-2.8,78.6,96.1,15,3,2
211,7,R08,Pasta Sauces,6,5,83.3,36.9,30.8,-6.1,58.4,92.8,14,3,2
212,8,R08,Pasta Sauces,7,7,100.0,28.9,23.5,-5.4,69.2,92.1,14,3,0
213,9,R08,Pasta Sauces,6,6,100.0,24.3,23.1,-1.2,90.7,94.0,9,3,1
214,10,R08,Pasta Sauces,8,6,75.0,37.6,35.3,-2.3,69.5,90.4,14,3,2
215,11,R08,Pasta Sauces,6,5,83.3,33.5,32.3,-1.2,58.7,96.5,1,3,3
216,12,R08,Pasta Sauces,8,8,100.0,37.8,30.7,-7.1,61.6,95.0,13,3,2
217,1,R09,Pasta Sauces,2,1,50.0,20.7,21.4,0.7,80.1,95.1,8,3,2
218,2,R09,Pasta Sauces,4,3,75.0,32.2,33.1,0.9,71.2,91.2,6,3,2
219,3,R09,Pasta Sauces,5,4,80.0,23.1,22.8,-0.3,49.4,95.1,9,3,0
220,4,R09,Pasta Sauces,8,8,100.0,31.0,28.7,-2.3,82.4,88.3,14,3,2
221,5,R09,Pasta Sauces,4,3,75.0,40.1,37.9,-2.2,60.0,96.7,13,3,1
222,6,R09,Pasta Sauces,4,4,100.0,42.1,38.1,-4.0,79.8,97.0,2,3,0
223,7,R09,Pasta Sauces,7,6,85.7,31.5,26.6,-4.9,75.3,92.1,8,3,3
224,8,R09,Pasta Sauces,7,6,85.7,41.2,35.1,-6.1,61.1,92.3,15,3,3
225,9,R09,Pasta Sauces,5,4,80.0,34.5,34.8,0.3,57.3,90.4,11,3,0
226,10,R09,Pasta Sauces,5,4,80.0,39.6,32.2,-7.4,75.0,97.0,9,3,3
227,11,R09,Pasta Sauces,4,4,100.0,35.9,31.6,-4.3,71.0,89.5,8,3,0
228,12,R09,Pasta Sauces,8,8,100.0,24.3,24.0,-0.3,61.8,90.4,8,3,0
229,1,R10,Pasta Sauces,4,4,100.0,28.4,29.1,0.7,64.7,97.8,9,3,3
230,2,R10,Pasta Sauces,6,4,66.7,27.6,22.2,-5.4,91.3,89.9,0,3,2
231,3,R10,Pasta Sauces,5,4,80.0,28.2,24.9,-3.3,57.0,90.4,3,3,3
232,4,R10,Pasta Sauces,6,5,83.3,23.8,19.7,-4.1,80.3,98.1,15,3,3
233,5,R10,Pasta Sauces,7,5,71.4,26.8,26.5,-0.3,57.6,91.2,2,3,1
234,6,R10,Pasta Sauces,6,5,83.3,43.7,38.4,-5.3,83.7,93.1,6,3,2
235,7,R10,Pasta Sauces,8,7,87.5,42.6,37.3,-5.3,58.7,97.1,12,3,1
236,8,R10,Pasta Sauces,2,1,50.0,26.7,22.3,-4.4,68.0,88.1,9,3,3
237,9,R10,Pasta Sauces,7,7,100.0,37.3,34.6,-2.7,45.5,90.8,10,3,0
238,10,R10,Pasta Sauces,5,4,80.0,44.6,37.8,-6.8,86.6,88.1,14,3,0
239,11,R10,Pasta Sauces,8,8,100.0,27.4,24.1,-3.3,69.4,90.8,5,3,1
240,12,R10,Pasta Sauces,4,3,75.0,20.5,19.1,-1.4,87.8,92.0,2,3,1
241,1,R01,Cheese & Dairy,4,3,75.0,25.9,22.0,-3.9,81.9,89.4,7,10,2
242,2,R01,Cheese & Dairy,6,4,66.7,33.8,32.5,-1.3,81.8,93.1,8,10,0
243,3,R01,Cheese & Dairy,4,3,75.0,28.2,24.3,-3.9,60.7,98.7,10,10,0
244,4,R01,Cheese & Dairy,5,4,80.0,36.8,37.0,0.2,53.3,96.3,6,10,1
245,5,R01,Cheese & Dairy,5,5,100.0,43.4,43.5,0.1,74.2,98.7,12,10,2
246,6,R01,Cheese & Dairy,6,5,83.3,44.0,39.3,-4.7,67.0,96.9,1,10,0
247,7,R01,Cheese & Dairy,7,6,85.7,26.6,27.7,1.1,79.3,90.3,14,10,1
248,8,R01,Cheese & Dairy,7,6,85.7,24.7,25.8,1.1,60.4,94.5,14,10,2
249,9,R01,Cheese & Dairy,6,6,100.0,20.8,20.8,0.0,79.3,94.3,1,10,3
250,10,R01,Cheese & Dairy,2,1,50.0,38.9,31.3,-7.6,73.3,92.5,13,10,2
251,11,R01,Cheese & Dairy,3,2,66.7,43.6,38.9,-4.7,66.0,88.2,5,10,1
252,12,R01,Cheese & Dairy,4,3,75.0,24.4,22.5,-1.9,67.0,89.3,14,10,1
253,1,R02,Cheese & Dairy,8,7,87.5,23.8,24.7,0.9,90.9,89.1,6,10,0
254,2,R02,Cheese & Dairy,3,2,66.7,29.3,25.1,-4.2,51.0,94.6,1,10,0
255,3,R02,Cheese & Dairy,6,4,66.7,29.3,28.5,-0.8,83.1,95.1,11,10,0
256,4,R02,Cheese & Dairy,3,3,100.0,23.2,20.1,-3.1,56.2,95.4,6,10,1
257,5,R02,Cheese & Dairy,6,6,100.0,26.0,25.4,-0.6,72.6,93.6,2,10,3
258,6,R02,Cheese & Dairy,2,1,50.0,43.7,39.5,-4.2,45.6,94.7,12,10,0
259,7,R02,Cheese & Dairy,7,5,71.4,43.8,38.3,-5.5,61.9,93.1,12,10,3
260,8,R02,Cheese & Dairy,7,6,85.7,35.8,33.2,-2.6,55.0,93.8,9,10,0
261,9,R02,Cheese & Dairy,7,7,100.0,23.2,22.7,-0.5,52.3,91.2,5,10,0
262,10,R02,Cheese & Dairy,5,5,100.0,26.5,26.1,-0.4,69.4,91.3,8,10,0
263,11,R02,Cheese & Dairy,5,4,80.0,40.5,33.2,-7.3,48.1,95.7,13,10,2
264,12,R02,Cheese & Dairy,5,5,100.0,25.8,20.9,-4.9,46.2,96.8,8,10,3
265,1,R03,Cheese & Dairy,8,8,100.0,35.2,35.4,0.2,63.5,89.3,8,10,2
266,2,R03,Cheese & Dairy,2,1,50.0,33.5,27.9,-5.6,85.5,89.7,3,10,3
267,3,R03,Cheese & Dairy,8,7,87.5,34.0,27.2,-6.8,51.4,96.3,3,10,1
268,4,R03,Cheese & Dairy,7,6,85.7,29.2,30.3,1.1,54.3,95.6,11,10,1
269,5,R03,Cheese & Dairy,2,1,50.0,33.5,33.8,0.3,52.5,97.2,1,10,1
270,6,R03,Cheese & Dairy,4,3,75.0,39.6,37.5,-2.1,89.3,89.1,13,10,3
271,7,R03,Cheese & Dairy,3,2,66.7,38.8,31.4,-7.4,73.0,91.5,0,10,3
272,8,R03,Cheese & Dairy,5,4,80.0,31.3,32.7,1.4,74.2,94.7,5,10,2
273,9,R03,Cheese & Dairy,7,7,100.0,41.2,42.6,1.4,76.9,90.7,10,10,2
274,10,R03,Cheese & Dairy,8,6,75.0,22.0,20.7,-1.3,57.1,97.1,6,10,2
275,11,R03,Cheese & Dairy,7,5,71.4,40.6,37.5,-3.1,59.1,89.4,15,10,1
276,12,R03,Cheese & Dairy,3,3,100.0,42.3,34.9,-7.4,81.5,92.7,3,10,1
277,1,R04,Cheese & Dairy,6,5,83.3,44.6,43.3,-1.3,82.2,98.3,0,10,0
278,2,R04,Cheese & Dairy,2,1,50.0,42.0,33.9,-8.1,90.5,93.5,8,10,3
279,3,R04,Cheese & Dairy,6,5,83.3,42.7,44.3,1.6,84.0,97.7,4,10,2
280,4,R04,Cheese & Dairy,3,2,66.7,20.4,16.4,-4.0,57.6,94.0,5,10,2
281,5,R04,Cheese & Dairy,6,4,66.7,35.0,33.4,-1.6,70.5,94.5,0,10,0
282,6,R04,Cheese & Dairy,4,3,75.0,37.8,31.6,-6.2,74.4,89.5,8,10,1
283,7,R04,Cheese & Dairy,4,3,75.0,43.9,39.7,-4.2,89.2,91.1,5,10,1
284,8,R04,Cheese & Dairy,2,1,50.0,30.2,28.3,-1.9,60.3,93.1,8,10,2
285,9,R04,Cheese & Dairy,6,5,83.3,40.3,33.2,-7.1,48.0,94.4,1,10,0
286,10,R04,Cheese & Dairy,3,2,66.7,42.8,44.7,1.9,74.0,97.2,12,10,1
287,11,R04,Cheese & Dairy,5,5,100.0,22.9,23.2,0.3,47.4,96.4,12,10,2
288,12,R04,Cheese & Dairy,7,5,71.4,28.4,25.8,-2.6,52.6,97.4,15,10,2
289,1,R05,Cheese & Dairy,8,6,75.0,34.7,29.9,-4.8,59.9,97.8,9,10,2
290,2,R05,Cheese & Dairy,8,7,87.5,23.1,19.0,-4.1,84.2,92.9,10,10,0
291,3,R05,Cheese & Dairy,6,4,66.7,31.7,31.2,-0.5,61.7,89.6,7,10,1
292,4,R05,Cheese & Dairy,2,1,50.0,26.5,22.4,-4.1,89.3,96.0,7,10,2
293,5,R05,Cheese & Dairy,4,4,100.0,36.3,30.9,-5.4,60.8,93.7,1,10,0
294,6,R05,Cheese & Dairy,4,3,75.0,22.5,20.6,-1.9,47.2,94.2,5,10,3
295,7,R05,Cheese & Dairy,3,2,66.7,29.2,30.3,1.1,67.2,89.8,12,10,2
296,8,R05,Cheese & Dairy,4,3,75.0,40.7,39.6,-1.1,65.0,96.2,1,10,1
297,9,R05,Cheese & Dairy,2,2,100.0,35.0,36.1,1.1,85.4,98.2,13,10,0
298,10,R05,Cheese & Dairy,8,7,87.5,32.3,28.6,-3.7,58.3,91.2,0,10,3
299,11,R05,Cheese & Dairy,3,2,66.7,37.6,37.1,-0.5,54.1,92.5,14,10,1
300,12,R05,Cheese & Dairy,6,6,100.0,30.9,30.4,-0.5,76.3,89.1,9,10,2
301,1,R06,Cheese & Dairy,6,5,83.3,38.2,33.6,-4.6,91.4,88.0,9,10,0
302,2,R06,Cheese & Dairy,8,8,100.0,41.2,34.5,-6.7,74.8,88.6,0,10,3
303,3,R06,Cheese & Dairy,8,8,100.0,43.9,35.5,-8.4,67.1,94.8,5,10,1
304,4,R06,Cheese & Dairy,5,3,60.0,28.4,29.7,1.3,56.2,92.6,0,10,2
305,5,R06,Cheese & Dairy,8,8,100.0,27.7,27.9,0.2,45.9,89.4,11,10,2
306,6,R06,Cheese & Dairy,2,2,100.0,44.6,36.5,-8.1,63.4,88.2,6,10,3
307,7,R06,Cheese & Dairy,4,3,75.0,23.4,24.1,0.7,49.9,92.6,12,10,0
308,8,R06,Cheese & Dairy,8,7,87.5,26.9,27.7,0.8,48.2,97.0,8,10,2
309,9,R06,Cheese & Dairy,5,3,60.0,24.3,22.3,-2.0,71.2,94.2,12,10,1
310,10,R06,Cheese & Dairy,3,3,100.0,29.6,29.6,0.0,64.3,98.3,8,10,3
311,11,R06,Cheese & Dairy,6,5,83.3,27.5,22.5,-5.0,45.6,88.1,1,10,1
312,12,R06,Cheese & Dairy,2,1,50.0,26.7,27.4,0.7,61.0,98.1,1,10,0
313,1,R07,Cheese & Dairy,3,2,66.7,37.1,38.6,1.5,58.1,90.3,3,10,1
314,2,R07,Cheese & Dairy,2,2,100.0,30.6,26.1,-4.5,83.4,90.6,12,10,1
315,3,R07,Cheese & Dairy,4,3,75.0,35.7,31.7,-4.0,62.6,94.4,15,10,3
316,4,R07,Cheese & Dairy,8,7,87.5,25.0,23.5,-1.5,59.5,92.0,13,10,3
317,5,R07,Cheese & Dairy,2,2,100.0,36.9,31.6,-5.3,74.3,95.2,7,10,2
318,6,R07,Cheese & Dairy,4,4,100.0,38.0,37.7,-0.3,60.6,95.9,10,10,3
319,7,R07,Cheese & Dairy,7,7,100.0,36.1,37.8,1.7,50.5,96.1,9,10,3
320,8,R07,Cheese & Dairy,8,8,100.0,43.7,45.1,1.4,64.4,98.9,3,10,2
321,9,R07,Cheese & Dairy,7,6,85.7,43.9,40.9,-3.0,71.5,96.4,6,10,3
322,10,R07,Cheese & Dairy,6,6,100.0,32.5,30.3,-2.2,87.8,91.3,12,10,0
323,11,R07,Cheese & Dairy,6,4,66.7,44.8,43.9,-0.9,60.1,88.6,8,10,3
324,12,R07,Cheese & Dairy,5,4,80.0,21.6,21.9,0.3,55.8,98.3,11,10,0
325,1,R08,Cheese & Dairy,5,4,80.0,26.2,21.6,-4.6,45.3,89.5,6,10,2
326,2,R08,Cheese & Dairy,4,3,75.0,21.7,20.4,-1.3,51.8,98.0,0,10,1
327,3,R08,Cheese & Dairy,2,2,100.0,41.5,40.4,-1.1,54.5,95.9,7,10,2
328,4,R08,Cheese & Dairy,3,2,66.7,37.7,34.4,-3.3,71.1,96.5,14,10,1
329,5,R08,Cheese & Dairy,5,4,80.0,20.5,19.9,-0.6,56.9,90.8,7,10,0
330,6,R08,Cheese & Dairy,3,3,100.0,43.7,43.1,-0.6,60.6,97.3,0,10,0
331,7,R08,Cheese & Dairy,7,5,71.4,23.1,19.5,-3.6,65.2,93.0,7,10,0
332,8,R08,Cheese & Dairy,2,1,50.0,44.6,38.7,-5.9,54.4,96.7,10,10,0
333,9,R08,Cheese & Dairy,4,3,75.0,25.3,23.7,-1.6,69.7,89.9,0,10,2
334,10,R08,Cheese & Dairy,5,4,80.0,39.8,39.3,-0.5,87.3,96.1,5,10,1
335,11,R08,Cheese & Dairy,8,6,75.0,41.8,34.1,-7.7,63.6,94.5,1,10,1
336,12,R08,Cheese & Dairy,2,1,50.0,28.6,24.2,-4.4,86.1,96.8,0,10,1
337,1,R09,Cheese & Dairy,8,6,75.0,35.5,31.7,-3.8,74.7,89.7,0,10,3
338,2,R09,Cheese & Dairy,7,6,85.7,27.1,25.6,-1.5,69.3,98.3,3,10,1
339,3,R09,Cheese & Dairy,4,3,75.0,25.2,25.5,0.3,50.7,88.1,7,10,0
340,4,R09,Cheese & Dairy,2,2,100.0,43.8,43.7,-0.1,80.8,92.9,11,10,1
341,5,R09,Cheese & Dairy,7,7,100.0,37.9,37.4,-0.5,50.6,92.6,6,10,2
342,6,R09,Cheese & Dairy,3,3,100.0,24.3,23.9,-0.4,82.6,95.5,10,10,0
343,7,R09,Cheese & Dairy,7,5,71.4,43.5,37.9,-5.6,47.7,92.1,6,10,2
344,8,R09,Cheese & Dairy,2,1,50.0,20.9,20.0,-0.9,47.8,94.2,5,10,0
345,9,R09,Cheese & Dairy,2,1,50.0,26.8,23.2,-3.6,91.6,94.6,7,10,3
346,10,R09,Cheese & Dairy,2,1,50.0,34.1,31.0,-3.1,51.7,92.6,1,10,2
347,11,R09,Cheese & Dairy,8,8,100.0,22.9,18.5,-4.4,45.4,88.8,3,10,2
348,12,R09,Cheese & Dairy,3,3,100.0,30.9,29.0,-1.9,51.2,97.4,1,10,0
349,1,R10,Cheese & Dairy,5,4,80.0,42.8,40.5,-2.3,67.2,96.8,1,10,0
350,2,R10,Cheese & Dairy,2,1,50.0,36.2,35.2,-1.0,53.1,88.3,4,10,2
351,3,R10,Cheese & Dairy,8,7,87.5,27.9,24.9,-3.0,90.6,89.7,5,10,1
352,4,R10,Cheese & Dairy,2,2,100.0,25.3,20.9,-4.4,56.2,89.0,8,10,0
353,5,R10,Cheese & Dairy,3,2,66.7,40.6,34.3,-6.3,57.4,88.7,10,10,1
354,6,R10,Cheese & Dairy,7,7,100.0,24.0,23.0,-1.0,74.2,93.6,3,10,2
355,7,R10,Cheese & Dairy,2,1,50.0,42.8,40.5,-2.3,84.2,92.6,6,10,1
356,8,R10,Cheese & Dairy,7,7,100.0,33.3,30.5,-2.8,75.8,94.9,2,10,1
357,9,R10,Cheese & Dairy,8,8,100.0,44.4,42.0,-2.4,53.5,93.3,5,10,1
358,10,R10,Cheese & Dairy,7,5,71.4,37.6,33.0,-4.6,87.6,89.1,13,10,0
359,11,R10,Cheese & Dairy,4,3,75.0,24.4,19.7,-4.7,72.2,93.8,15,10,3
360,12,R10,Cheese & Dairy,3,2,66.7,32.9,32.2,-0.7,62.6,98.5,14,10,2
361,1,R01,Meals,3,3,100.0,32.1,29.7,-2.4,59.8,97.7,2,9,3
362,2,R01,Meals,4,3,75.0,21.7,17.6,-4.1,65.3,94.0,9,9,0
363,3,R01,Meals,4,3,75.0,33.5,31.2,-2.3,45.0,91.2,9,9,2
364,4,R01,Meals,6,5,83.3,27.7,23.7,-4.0,46.7,90.7,15,9,2
365,5,R01,Meals,8,8,100.0,34.6,29.8,-4.8,61.5,92.9,4,9,1
366,6,R01,Meals,6,5,83.3,22.6,23.3,0.7,76.1,91.4,0,9,1
367,7,R01,Meals,5,3,60.0,38.4,31.2,-7.2,88.0,89.7,6,9,3
368,8,R01,Meals,4,3,75.0,27.7,24.7,-3.0,61.2,92.5,5,9,0
369,9,R01,Meals,3,2,66.7,32.5,29.0,-3.5,56.5,91.4,6,9,1
370,10,R01,Meals,5,3,60.0,34.0,35.2,1.2,60.0,95.7,4,9,0
371,11,R01,Meals,4,4,100.0,27.5,28.2,0.7,65.8,94.8,2,9,3
372,12,R01,Meals,5,4,80.0,24.4,25.5,1.1,67.2,97.8,2,9,0
373,1,R02,Meals,2,2,100.0,26.4,26.2,-0.2,63.4,94.2,12,9,3
374,2,R02,Meals,5,5,100.0,38.2,38.2,0.0,51.7,97.5,11,9,0
375,3,R02,Meals,3,3,100.0,21.3,21.7,0.4,55.7,97.5,5,9,0
376,4,R02,Meals,8,7,87.5,29.9,25.2,-4.7,68.5,91.3,11,9,1
377,5,R02,Meals,5,4,80.0,42.2,36.2,-6.0,89.5,92.7,2,9,0
378,6,R02,Meals,6,5,83.3,35.2,35.4,0.2,51.0,98.0,11,9,1
379,7,R02,Meals,5,3,60.0,35.1,31.9,-3.2,66.1,97.7,14,9,2
380,8,R02,Meals,7,6,85.7,42.6,38.9,-3.7,73.0,91.8,12,9,0
381,9,R02,Meals,4,4,100.0,39.7,41.4,1.7,48.7,92.6,13,9,0
382,10,R02,Meals,5,5,100.0,20.7,18.3,-2.4,88.2,95.9,12,9,2
383,11,R02,Meals,3,3,100.0,20.2,21.1,0.9,87.2,89.2,5,9,2
384,12,R02,Meals,4,3,75.0,22.4,21.3,-1.1,59.5,93.6,15,9,1
385,1,R03,Meals,8,7,87.5,41.3,38.0,-3.3,59.0,97.9,7,9,0
386,2,R03,Meals,2,1,50.0,20.8,18.4,-2.4,66.2,98.7,1,9,0
387,3,R03,Meals,7,6,85.7,21.2,17.7,-3.5,50.4,92.2,8,9,1
388,4,R03,Meals,3,2,66.7,28.7,24.1,-4.6,57.3,96.9,13,9,1
389,5,R03,Meals,8,7,87.5,36.5,29.2,-7.3,64.6,95.1,0,9,2
390,6,R03,Meals,2,1,50.0,32.3,33.8,1.5,84.7,93.1,0,9,2
391,7,R03,Meals,8,8,100.0,28.2,28.4,0.2,79.3,95.8,13,9,3
392,8,R03,Meals,3,3,100.0,23.4,21.2,-2.2,81.7,96.0,13,9,3
393,9,R03,Meals,2,2,100.0,34.2,31.2,-3.0,70.2,88.9,8,9,3
394,10,R03,Meals,6,5,83.3,32.7,29.8,-2.9,53.1,96.6,14,9,1
395,11,R03,Meals,6,4,66.7,22.5,21.0,-1.5,51.3,91.6,2,9,3
396,12,R03,Meals,6,5,83.3,23.4,21.3,-2.1,48.9,98.0,15,9,2
397,1,R04,Meals,4,3,75.0,22.2,18.2,-4.0,48.5,92.4,3,9,0
398,2,R04,Meals,3,2,66.7,25.8,24.4,-1.4,75.3,94.9,15,9,3
399,3,R04,Meals,5,5,100.0,27.2,27.5,0.3,45.6,97.7,5,9,2
400,4,R04,Meals,4,3,75.0,27.4,28.0,0.6,61.7,93.9,10,9,2
401,5,R04,Meals,2,1,50.0,27.1,26.8,-0.3,48.2,91.9,0,9,1
402,6,R04,Meals,8,8,100.0,35.8,37.4,1.6,74.1,98.4,10,9,1
403,7,R04,Meals,4,3,75.0,26.3,21.3,-5.0,51.8,88.9,8,9,2
404,8,R04,Meals,6,5,83.3,35.9,29.2,-6.7,84.2,98.4,11,9,1
405,9,R04,Meals,8,6,75.0,25.5,21.5,-4.0,46.7,98.6,15,9,1
406,10,R04,Meals,3,3,100.0,44.9,45.5,0.6,47.0,96.8,7,9,1
407,11,R04,Meals,7,6,85.7,40.5,39.7,-0.8,59.9,95.9,4,9,1
408,12,R04,Meals,8,8,100.0,42.9,44.4,1.5,51.0,97.4,9,9,1
409,1,R05,Meals,4,3,75.0,26.2,27.5,1.3,88.6,98.8,1,9,2
410,2,R05,Meals,7,6,85.7,23.3,18.9,-4.4,46.8,88.6,0,9,2
411,3,R05,Meals,8,6,75.0,33.2,33.4,0.2,81.9,94.7,10,9,1
412,4,R05,Meals,5,5,100.0,32.6,29.0,-3.6,52.0,95.4,4,9,0
413,5,R05,Meals,2,1,50.0,27.3,27.4,0.1,74.7,89.9,5,9,3
414,6,R05,Meals,8,6,75.0,21.3,21.4,0.1,78.5,92.2,9,9,2
415,7,R05,Meals,2,2,100.0,38.6,33.5,-5.1,73.1,90.4,9,9,0
416,8,R05,Meals,4,3,75.0,40.5,38.9,-1.6,60.8,91.4,13,9,2
417,9,R05,Meals,5,5,100.0,25.7,22.7,-3.0,66.1,96.8,11,9,0
418,10,R05,Meals,7,7,100.0,40.6,41.9,1.3,54.6,97.5,12,9,3
419,11,R05,Meals,2,1,50.0,43.7,44.6,0.9,77.9,94.8,14,9,3
420,12,R05,Meals,5,3,60.0,31.3,31.8,0.5,51.4,88.8,5,9,1
421,1,R06,Meals,7,6,85.7,32.0,27.2,-4.8,76.7,89.3,8,9,1
422,2,R06,Meals,6,6,100.0,23.7,22.1,-1.6,73.4,95.6,2,9,0
423,3,R06,Meals,8,8,100.0,31.7,28.8,-2.9,87.2,89.7,13,9,3
424,4,R06,Meals,3,2,66.7,35.7,30.5,-5.2,69.7,90.1,7,9,3
425,5,R06,Meals,7,5,71.4,41.2,38.4,-2.8,66.2,90.1,7,9,2
426,6,R06,Meals,5,4,80.0,20.8,20.8,0.0,68.2,92.2,9,9,1
427,7,R06,Meals,8,7,87.5,37.0,38.6,1.6,85.0,92.9,5,9,3
428,8,R06,Meals,5,5,100.0,27.0,21.7,-5.3,69.3,93.2,0,9,3
429,9,R06,Meals,8,6,75.0,27.8,24.1,-3.7,53.3,94.2,2,9,3
430,10,R06,Meals,4,3,75.0,28.9,24.7,-4.2,53.6,95.2,0,9,1
431,11,R06,Meals,6,5,83.3,20.5,18.5,-2.0,45.1,93.2,8,9,1
432,12,R06,Meals,5,4,80.0,22.8,21.7,-1.1,86.4,91.3,7,9,0
433,1,R07,Meals,5,4,80.0,40.6,36.2,-4.4,88.6,89.7,13,9,0
434,2,R07,Meals,6,6,100.0,44.8,44.3,-0.5,76.2,97.0,12,9,3
435,3,R07,Meals,3,2,66.7,28.5,27.4,-1.1,58.1,96.7,4,9,1
436,4,R07,Meals,3,2,66.7,44.5,37.4,-7.1,91.0,91.1,4,9,2
437,5,R07,Meals,3,2,66.7,34.1,31.2,-2.9,76.6,93.5,12,9,1
438,6,R07,Meals,5,5,100.0,32.2,26.4,-5.8,86.4,94.5,15,9,1
439,7,R07,Meals,5,4,80.0,32.8,33.0,0.2,73.3,96.4,6,9,0
440,8,R07,Meals,8,7,87.5,42.2,41.7,-0.5,74.8,97.5,14,9,1
441,9,R07,Meals,5,4,80.0,37.7,33.7,-4.0,83.9,88.6,0,9,1
442,10,R07,Meals,6,4,66.7,38.1,34.5,-3.6,60.3,95.0,13,9,1
443,11,R07,Meals,2,2,100.0,29.2,29.8,0.6,57.9,95.6,14,9,1
444,12,R07,Meals,3,2,66.7,23.2,19.4,-3.8,57.2,90.1,0,9,3
445,1,R08,Meals,6,6,100.0,22.1,18.0,-4.1,82.6,92.9,14,9,1
446,2,R08,Meals,7,7,100.0,32.6,26.6,-6.0,71.9,90.1,9,9,1
447,3,R08,Meals,6,6,100.0,20.3,20.0,-0.3,56.4,96.2,1,9,3
448,4,R08,Meals,5,4,80.0,43.5,39.3,-4.2,50.7,92.6,4,9,2
449,5,R08,Meals,2,1,50.0,21.2,22.1,0.9,75.7,95.4,3,9,3
450,6,R08,Meals,4,4,100.0,33.9,28.2,-5.7,59.5,88.9,15,9,0
451,7,R08,Meals,8,7,87.5,32.1,29.3,-2.8,59.9,97.9,14,9,1
452,8,R08,Meals,5,4,80.0,41.3,40.7,-0.6,65.9,93.4,10,9,3
453,9,R08,Meals,8,8,100.0,33.9,29.1,-4.8,68.3,96.3,6,9,2
454,10,R08,Meals,4,4,100.0,38.5,38.3,-0.2,50.9,94.3,9,9,0
455,11,R08,Meals,4,3,75.0,20.2,18.1,-2.1,76.3,95.0,10,9,3
456,12,R08,Meals,6,5,83.3,36.7,34.9,-1.8,82.2,96.8,10,9,0
457,1,R09,Meals,8,6,75.0,38.8,36.0,-2.8,78.3,90.1,6,9,2
458,2,R09,Meals,2,1,50.0,44.1,38.3,-5.8,69.5,90.8,1,9,1
459,3,R09,Meals,8,7,87.5,25.8,22.0,-3.8,59.1,96.6,3,9,1
460,4,R09,Meals,8,8,100.0,36.1,37.0,0.9,87.9,94.3,0,9,2
461,5,R09,Meals,5,4,80.0,28.3,26.8,-1.5,47.8,94.7,10,9,2
462,6,R09,Meals,2,1,50.0,32.8,31.8,-1.0,52.7,95.6,11,9,2
463,7,R09,Meals,6,5,83.3,25.1,21.2,-3.9,76.6,96.8,6,9,3
464,8,R09,Meals,8,6,75.0,36.7,37.2,0.5,68.7,93.2,3,9,2
465,9,R09,Meals,2,2,100.0,27.0,27.1,0.1,65.6,98.4,7,9,2
466,10,R09,Meals,5,3,60.0,35.9,29.6,-6.3,53.3,93.6,4,9,1
467,11,R09,Meals,5,3,60.0,38.6,40.1,1.5,80.1,98.8,5,9,3
468,12,R09,Meals,6,5,83.3,31.0,30.5,-0.5,65.6,90.9,0,9,2
469,1,R10,Meals,4,3,75.0,42.4,39.1,-3.3,90.3,90.1,14,9,2
470,2,R10,Meals,8,7,87.5,29.3,28.4,-0.9,51.8,89.8,8,9,3
471,3,R10,Meals,2,2,100.0,21.2,19.9,-1.3,57.4,89.5,0,9,1
472,4,R10,Meals,6,6,100.0,36.7,30.5,-6.2,71.4,89.6,14,9,1
473,5,R10,Meals,8,6,75.0,30.3,28.3,-2.0,85.4,95.2,13,9,3
474,6,R10,Meals,5,3,60.0,21.5,22.4,0.9,46.2,92.0,11,9,2
475,7,R10,Meals,6,6,100.0,37.3,38.7,1.4,59.8,90.2,3,9,1
476,8,R10,Meals,4,4,100.0,20.7,19.1,-1.6,70.6,92.7,3,9,0
477,9,R10,Meals,3,2,66.7,20.5,18.5,-2.0,64.2,95.7,14,9,1
478,10,R10,Meals,7,5,71.4,41.6,39.8,-1.8,74.4,88.5,4,9,0
479,11,R10,Meals,2,1,50.0,42.7,39.1,-3.6,51.9,98.7,4,9,0
480,12,R10,Meals,2,1,50.0,29.1,23.9,-5.2,88.5,88.9,11,9,3
481,1,R01,Meats,6,5,83.3,44.2,44.0,-0.2,76.4,98.4,14,6,1
482,2,R01,Meats,3,2,66.7,32.0,26.9,-5.1,58.7,90.3,5,6,0
483,3,R01,Meats,3,2,66.7,21.5,19.1,-2.4,59.7,91.4,1,6,2
484,4,R01,Meats,4,3,75.0,38.8,35.4,-3.4,72.2,96.5,2,6,1
485,5,R01,Meats,4,4,100.0,24.3,20.1,-4.2,79.3,90.3,13,6,1
486,6,R01,Meats,2,1,50.0,24.8,21.5,-3.3,86.5,89.3,5,6,3
487,7,R01,Meats,8,6,75.0,41.4,39.2,-2.2,47.6,94.4,12,6,1
488,8,R01,Meats,2,1,50.0,33.0,32.7,-0.3,80.4,90.2,14,6,3
489,9,R01,Meats,7,5,71.4,22.4,23.5,1.1,57.5,92.0,8,6,3
490,10,R01,Meats,8,7,87.5,42.1,41.0,-1.1,68.9,97.7,4,6,3
491,11,R01,Meats,5,4,80.0,36.3,30.0,-6.3,56.4,93.1,0,6,1
492,12,R01,Meats,3,2,66.7,40.3,38.0,-2.3,78.8,92.3,3,6,3
493,1,R02,Meats,8,8,100.0,25.8,24.8,-1.0,76.3,92.9,3,6,0
494,2,R02,Meats,8,6,75.0,38.8,35.0,-3.8,53.7,96.5,13,6,2
495,3,R02,Meats,7,7,100.0,37.7,36.9,-0.8,65.6,90.2,4,6,2
496,4,R02,Meats,3,3,100.0,29.7,28.2,-1.5,59.5,94.4,7,6,0
497,5,R02,Meats,7,6,85.7,43.3,41.2,-2.1,51.9,91.7,5,6,3
498,6,R02,Meats,8,7,87.5,26.1,21.1,-5.0,53.3,90.5,15,6,3
499,7,R02,Meats,6,5,83.3,41.9,39.2,-2.7,58.9,88.4,3,6,1
500,8,R02,Meats,2,2,100.0,33.3,29.7,-3.6,49.0,98.3,12,6,2
501,9,R02,Meats,5,5,100.0,38.1,39.0,0.9,55.5,90.8,0,6,1
502,10,R02,Meats,4,4,100.0,33.7,33.8,0.1,64.3,94.9,7,6,3
503,11,R02,Meats,5,4,80.0,20.8,17.2,-3.6,81.4,90.8,4,6,0
504,12,R02,Meats,6,4,66.7,33.4,32.3,-1.1,52.8,90.5,7,6,2
505,1,R03,Meats,4,4,100.0,37.1,33.7,-3.4,60.4,95.5,8,6,1
506,2,R03,Meats,3,2,66.7,43.1,43.9,0.8,74.8,91.6,5,6,1
507,3,R03,Meats,2,2,100.0,22.2,18.9,-3.3,87.0,91.1,14,6,1
508,4,R03,Meats,8,6,75.0,39.2,41.0,1.8,69.5,96.6,12,6,1
509,5,R03,Meats,7,5,71.4,36.9,30.1,-6.8,79.0,97.1,4,6,3
510,6,R03,Meats,5,4,80.0,36.8,34.6,-2.2,69.4,92.7,6,6,1
511,7,R03,Meats,3,2,66.7,42.5,44.0,1.5,84.7,89.5,4,6,1
512,8,R03,Meats,7,7,100.0,32.5,30.4,-2.1,60.8,92.7,12,6,2
513,9,R03,Meats,5,4,80.0,32.9,30.2,-2.7,65.5,89.8,9,6,3
514,10,R03,Meats,7,5,71.4,43.0,44.5,1.5,56.2,93.2,11,6,3
515,11,R03,Meats,7,6,85.7,25.3,21.3,-4.0,84.0,95.9,6,6,1
516,12,R03,Meats,7,6,85.7,42.1,33.9,-8.2,64.0,98.7,9,6,0
517,1,R04,Meats,3,2,66.7,42.6,43.7,1.1,81.0,97.8,9,6,1
518,2,R04,Meats,5,4,80.0,20.5,20.0,-0.5,66.6,94.5,5,6,3
519,3,R04,Meats,4,3,75.0,21.8,20.1,-1.7,74.2,89.9,10,6,0
520,4,R04,Meats,6,5,83.3,39.2,38.7,-0.5,70.4,90.3,12,6,0
521,5,R04,Meats,2,1,50.0,20.5,16.7,-3.8,91.1,97.8,12,6,2
522,6,R04,Meats,4,3,75.0,41.7,34.5,-7.2,73.0,91.5,4,6,0
523,7,R04,Meats,2,1,50.0,24.8,23.4,-1.4,53.8,93.5,10,6,2
524,8,R04,Meats,4,3,75.0,27.9,23.5,-4.4,55.5,92.6,11,6,0
525,9,R04,Meats,8,8,100.0,21.7,17.8,-3.9,77.4,89.2,14,6,2
526,10,R04,Meats,7,5,71.4,33.3,30.5,-2.8,76.3,93.9,9,6,2
527,11,R04,Meats,6,6,100.0,22.7,18.9,-3.8,63.3,89.3,8,6,1
528,12,R04,Meats,2,1,50.0,22.4,20.6,-1.8,77.7,88.7,2,6,1
529,1,R05,Meats,2,2,100.0,34.6,34.6,0.0,75.0,98.7,6,6,1
530,2,R05,Meats,7,7,100.0,42.9,38.6,-4.3,64.0,98.8,14,6,3
531,3,R05,Meats,4,3,75.0,25.5,25.9,0.4,84.0,88.8,15,6,3
532,4,R05,Meats,7,6,85.7,40.9,42.6,1.7,57.9,92.1,8,6,3
533,5,R05,Meats,4,4,100.0,42.2,36.7,-5.5,65.3,98.9,7,6,1
534,6,R05,Meats,3,3,100.0,38.0,32.0,-6.0,59.4,96.4,7,6,1
535,7,R05,Meats,3,3,100.0,24.2,20.1,-4.1,49.9,96.8,2,6,0
536,8,R05,Meats,2,1,50.0,30.7,28.9,-1.8,75.2,92.3,9,6,3
537,9,R05,Meats,5,5,100.0,26.8,24.8,-2.0,55.9,92.8,5,6,0
538,10,R05,Meats,6,6,100.0,32.1,28.8,-3.3,60.3,90.0,5,6,3
539,11,R05,Meats,6,4,66.7,22.2,21.9,-0.3,73.7,91.7,13,6,1
540,12,R05,Meats,2,1,50.0,43.1,39.4,-3.7,63.5,89.0,11,6,1
541,1,R06,Meats,7,5,71.4,30.2,27.0,-3.2,89.5,91.3,15,6,0
542,2,R06,Meats,7,6,85.7,33.0,33.6,0.6,55.7,93.6,7,6,2
543,3,R06,Meats,8,7,87.5,23.6,20.7,-2.9,91.5,92.5,8,6,0
544,4,R06,Meats,3,2,66.7,38.5,32.0,-6.5,57.5,95.2,8,6,0
545,5,R06,Meats,4,3,75.0,35.3,28.3,-7.0,58.1,93.0,9,6,3
546,6,R06,Meats,7,5,71.4,43.1,41.2,-1.9,71.8,90.0,6,6,0
547,7,R06,Meats,3,2,66.7,25.6,22.2,-3.4,82.6,97.1,13,6,3
548,8,R06,Meats,7,6,85.7,37.0,36.5,-0.5,51.4,92.6,1,6,3
549,9,R06,Meats,4,4,100.0,21.8,18.4,-3.4,52.1,92.9,11,6,3
550,10,R06,Meats,8,6,75.0,43.2,39.9,-3.3,82.7,91.5,7,6,0
551,11,R06,Meats,5,4,80.0,24.1,25.2,1.1,75.2,91.1,7,6,0
552,12,R06,Meats,5,4,80.0,34.4,33.3,-1.1,54.2,95.8,4,6,3
553,1,R07,Meats,2,1,50.0,23.6,22.9,-0.7,71.8,91.9,12,6,2
554,2,R07,Meats,2,1,50.0,26.2,22.0,-4.2,75.3,88.7,11,6,1
555,3,R07,Meats,3,2,66.7,30.3,24.7,-5.6,51.8,91.2,15,6,1
556,4,R07,Meats,7,7,100.0,31.7,30.0,-1.7,51.4,89.1,4,6,2
557,5,R07,Meats,6,5,83.3,31.4,31.8,0.4,68.2,96.0,14,6,1
558,6,R07,Meats,2,1,50.0,34.8,32.3,-2.5,80.7,92.1,8,6,0
559,7,R07,Meats,3,2,66.7,34.9,32.2,-2.7,63.6,91.5,14,6,1
560,8,R07,Meats,2,1,50.0,41.3,38.8,-2.5,72.1,91.4,4,6,2
561,9,R07,Meats,4,3,75.0,44.0,41.4,-2.6,66.7,92.1,4,6,1
562,10,R07,Meats,7,6,85.7,43.6,45.4,1.8,79.0,96.1,9,6,3
563,11,R07,Meats,4,3,75.0,34.3,30.4,-3.9,87.8,93.6,5,6,3
564,12,R07,Meats,5,3,60.0,33.2,33.5,0.3,66.5,89.4,13,6,1
565,1,R08,Meats,7,6,85.7,24.1,20.1,-4.0,74.8,89.4,2,6,3
566,2,R08,Meats,4,4,100.0,38.9,31.2,-7.7,84.9,95.2,3,6,1
567,3,R08,Meats,6,6,100.0,34.1,28.1,-6.0,57.2,99.0,12,6,0
568,4,R08,Meats,3,2,66.7,36.7,35.7,-1.0,67.3,98.1,0,6,2
569,5,R08,Meats,4,3,75.0,28.8,26.5,-2.3,69.5,91.7,6,6,3
570,6,R08,Meats,8,6,75.0,36.0,30.6,-5.4,83.0,98.7,0,6,1
571,7,R08,Meats,7,6,85.7,36.7,29.9,-6.8,59.1,93.8,10,6,1
572,8,R08,Meats,4,3,75.0,39.0,35.8,-3.2,84.0,94.6,12,6,3
573,9,R08,Meats,4,3,75.0,43.7,39.4,-4.3,59.9,89.8,4,6,3
574,10,R08,Meats,6,5,83.3,31.8,27.6,-4.2,85.2,98.1,9,6,2
575,11,R08,Meats,2,1,50.0,34.0,33.2,-0.8,59.8,90.1,2,6,3
576,12,R08,Meats,3,2,66.7,20.5,20.2,-0.3,55.1,96.0,8,6,2
577,1,R09,Meats,4,4,100.0,30.7,29.3,-1.4,53.9,89.5,7,6,2
578,2,R09,Meats,7,5,71.4,38.6,36.2,-2.4,85.0,97.2,9,6,3
579,3,R09,Meats,3,2,66.7,37.7,30.6,-7.1,88.8,96.5,5,6,1
580,4,R09,Meats,5,4,80.0,44.8,42.3,-2.5,49.8,95.5,8,6,3
581,5,R09,Meats,8,7,87.5,41.0,38.6,-2.4,78.7,98.7,8,6,1
582,6,R09,Meats,6,6,100.0,21.7,19.3,-2.4,57.3,90.3,14,6,1
583,7,R09,Meats,3,2,66.7,33.2,29.3,-3.9,65.2,93.3,10,6,2
584,8,R09,Meats,5,4,80.0,39.9,40.6,0.7,74.5,93.7,11,6,0
585,9,R09,Meats,4,3,75.0,42.5,34.3,-8.2,58.8,88.6,8,6,2
586,10,R09,Meats,7,6,85.7,37.4,30.4,-7.0,92.0,95.2,2,6,0
587,11,R09,Meats,8,8,100.0,29.3,24.9,-4.4,80.8,96.2,10,6,0
588,12,R09,Meats,5,4,80.0,29.9,28.4,-1.5,70.7,98.9,14,6,1
589,1,R10,Meats,2,1,50.0,29.4,30.5,1.1,72.9,90.7,15,6,0
590,2,R10,Meats,2,1,50.0,28.7,25.6,-3.1,52.1,95.1,6,6,0
591,3,R10,Meats,8,6,75.0,21.1,20.3,-0.8,62.2,91.2,15,6,2
592,4,R10,Meats,4,4,100.0,27.8,22.5,-5.3,70.2,93.4,13,6,0
593,5,R10,Meats,2,1,50.0,30.2,25.2,-5.0,68.7,94.0,12,6,0
594,6,R10,Meats,5,4,80.0,32.4,29.5,-2.9,65.1,97.3,13,6,1
595,7,R10,Meats,4,3,75.0,40.1,37.6,-2.5,72.7,92.5,7,6,3
596,8,R10,Meats,8,6,75.0,22.2,20.1,-2.1,56.5,95.8,13,6,0
597,9,R10,Meats,8,6,75.0,23.3,22.6,-0.7,73.7,90.4,0,6,2
598,10,R10,Meats,6,5,83.3,36.9,36.7,-0.2,69.7,90.9,15,6,3
599,11,R10,Meats,3,2,66.7,35.2,34.7,-0.5,72.4,88.8,14,6,2
600,12,R10,Meats,8,6,75.0,22.8,18.3,-4.5,85.1,93.2,6,6,3
601,1,R01,Beverages,8,8,100.0,24.0,19.4,-4.6,53.2,92.3,4,7,0
602,2,R01,Beverages,8,8,100.0,34.0,28.7,-5.3,45.3,97.4,2,7,3
603,3,R01,Beverages,8,7,87.5,44.7,40.9,-3.8,46.0,92.7,11,7,3
604,4,R01,Beverages,2,1,50.0,27.4,26.6,-0.8,53.4,93.2,10,7,3
605,5,R01,Beverages,6,4,66.7,40.5,39.4,-1.1,46.2,91.5,7,7,3
606,6,R01,Beverages,7,6,85.7,27.3,27.6,0.3,51.4,90.1,2,7,3
607,7,R01,Beverages,6,5,83.3,37.3,35.9,-1.4,80.5,98.3,15,7,1
608,8,R01,Beverages,7,7,100.0,42.2,41.3,-0.9,84.5,94.6,6,7,3
609,9,R01,Beverages,2,2,100.0,44.8,44.6,-0.2,47.1,98.7,13,7,3
610,10,R01,Beverages,5,5,100.0,23.0,24.0,1.0,74.9,98.2,15,7,1
611,11,R01,Beverages,5,4,80.0,44.7,39.9,-4.8,60.4,93.9,10,7,2
612,12,R01,Beverages,4,3,75.0,41.6,33.7,-7.9,81.3,95.6,10,7,0
613,1,R02,Beverages,3,2,66.7,43.3,38.0,-5.3,90.3,93.2,14,7,1
614,2,R02,Beverages,7,6,85.7,39.1,36.1,-3.0,66.9,98.4,4,7,0
615,3,R02,Beverages,7,5,71.4,23.3,24.4,1.1,50.9,98.6,2,7,1
616,4,R02,Beverages,7,6,85.7,27.0,26.4,-0.6,82.4,88.8,15,7,0
617,5,R02,Beverages,3,3,100.0,39.8,38.3,-1.5,85.4,97.9,8,7,3
618,6,R02,Beverages,3,2,66.7,33.6,30.4,-3.2,81.6,96.2,4,7,2
619,7,R02,Beverages,5,4,80.0,29.0,25.4,-3.6,53.7,96.1,5,7,0
620,8,R02,Beverages,7,6,85.7,27.9,23.2,-4.7,87.8,89.7,1,7,2
621,9,R02,Beverages,8,8,100.0,43.7,38.8,-4.9,60.7,89.3,3,7,2
622,10,R02,Beverages,4,3,75.0,43.1,35.9,-7.2,61.4,98.2,13,7,2
623,11,R02,Beverages,2,1,50.0,34.4,30.4,-4.0,55.2,91.1,13,7,2
624,12,R02,Beverages,8,7,87.5,37.7,31.7,-6.0,76.7,95.7,7,7,1
625,1,R03,Beverages,8,8,100.0,36.2,36.5,0.3,68.6,92.7,2,7,1
626,2,R03,Beverages,4,4,100.0,44.1,39.5,-4.6,54.5,97.5,8,7,0
627,3,R03,Beverages,3,3,100.0,31.2,32.5,1.3,52.4,95.2,1,7,3
628,4,R03,Beverages,7,7,100.0,23.5,20.6,-2.9,63.5,98.1,2,7,3
629,5,R03,Beverages,3,2,66.7,22.0,22.1,0.1,74.9,93.4,2,7,2
630,6,R03,Beverages,4,3,75.0,28.5,26.2,-2.3,90.9,95.1,5,7,3
631,7,R03,Beverages,8,8,100.0,20.9,21.1,0.2,81.7,90.8,5,7,2
632,8,R03,Beverages,7,5,71.4,34.5,31.7,-2.8,68.1,89.6,10,7,2
633,9,R03,Beverages,8,6,75.0,24.2,21.4,-2.8,61.1,93.8,14,7,0
634,10,R03,Beverages,8,8,100.0,23.9,19.9,-4.0,73.0,93.8,14,7,2
635,11,R03,Beverages,4,3,75.0,21.7,18.6,-3.1,84.6,98.4,15,7,3
636,12,R03,Beverages,7,7,100.0,36.7,35.0,-1.7,88.8,97.0,7,7,3
637,1,R04,Beverages,4,4,100.0,40.1,35.6,-4.5,84.2,91.0,2,7,2
638,2,R04,Beverages,8,7,87.5,34.1,32.3,-1.8,89.8,95.6,14,7,2
639,3,R04,Beverages,8,7,87.5,26.4,23.9,-2.5,65.5,89.7,5,7,0
640,4,R04,Beverages,4,3,75.0,39.9,32.2,-7.7,45.6,97.9,2,7,3
641,5,R04,Beverages,3,3,100.0,24.9,20.9,-4.0,66.6,97.1,0,7,3
642,6,R04,Beverages,2,1,50.0,24.7,25.3,0.6,80.7,94.4,8,7,1
643,7,R04,Beverages,2,1,50.0,36.9,36.0,-0.9,68.0,89.1,13,7,3
644,8,R04,Beverages,5,5,100.0,28.7,28.2,-0.5,81.1,97.1,4,7,3
645,9,R04,Beverages,5,4,80.0,43.9,37.1,-6.8,75.1,93.4,5,7,3
646,10,R04,Beverages,6,5,83.3,38.6,32.9,-5.7,87.5,89.2,7,7,2
647,11,R04,Beverages,2,1,50.0,24.7,25.1,0.4,52.7,97.1,15,7,0
648,12,R04,Beverages,4,3,75.0,21.2,18.2,-3.0,52.2,89.7,2,7,1
649,1,R05,Beverages,3,3,100.0,39.2,37.1,-2.1,75.2,88.0,15,7,2
650,2,R05,Beverages,7,6,85.7,39.8,40.1,0.3,80.6,98.5,14,7,1
651,3,R05,Beverages,7,7,100.0,44.0,40.2,-3.8,61.1,92.1,0,7,1
652,4,R05,Beverages,4,3,75.0,37.5,37.0,-0.5,77.8,96.9,11,7,3
653,5,R05,Beverages,3,2,66.7,38.8,35.0,-3.8,62.1,95.4,5,7,3
654,6,R05,Beverages,3,2,66.7,23.6,24.5,0.9,84.2,98.5,9,7,3
655,7,R05,Beverages,3,2,66.7,43.8,35.7,-8.1,76.6,91.2,13,7,0
656,8,R05,Beverages,2,2,100.0,36.1,33.6,-2.5,56.7,98.9,1,7,1
657,9,R05,Beverages,2,2,100.0,33.9,29.4,-4.5,73.9,90.0,11,7,2
658,10,R05,Beverages,3,2,66.7,21.0,21.7,0.7,69.6,95.7,8,7,0
659,11,R05,Beverages,3,2,66.7,24.9,20.3,-4.6,75.2,96.4,7,7,1
660,12,R05,Beverages,5,5,100.0,31.2,25.1,-6.1,63.5,96.8,1,7,3
661,1,R06,Beverages,6,6,100.0,32.4,29.8,-2.6,83.6,96.0,11,7,0
662,2,R06,Beverages,2,1,50.0,33.6,35.1,1.5,61.5,90.2,15,7,0
663,3,R06,Beverages,6,4,66.7,30.1,27.5,-2.6,84.7,96.5,6,7,0
664,4,R06,Beverages,7,6,85.7,21.5,21.0,-0.5,88.5,98.7,11,7,1
665,5,R06,Beverages,4,4,100.0,26.0,26.8,0.8,86.3,88.4,7,7,1
666,6,R06,Beverages,4,3,75.0,42.7,44.4,1.7,61.7,92.9,5,7,3
667,7,R06,Beverages,5,4,80.0,21.9,22.5,0.6,64.0,98.5,9,7,0
668,8,R06,Beverages,7,5,71.4,39.5,39.7,0.2,77.6,89.4,12,7,2
669,9,R06,Beverages,8,8,100.0,37.2,31.7,-5.5,47.2,90.4,0,7,3
670,10,R06,Beverages,2,1,50.0,25.6,23.4,-2.2,73.7,90.7,8,7,3
671,11,R06,Beverages,6,5,83.3,37.5,31.9,-5.6,62.8,91.3,2,7,1
672,12,R06,Beverages,7,6,85.7,26.3,24.4,-1.9,80.3,91.5,4,7,0
673,1,R07,Beverages,3,2,66.7,26.0,25.8,-0.2,72.8,93.9,12,7,1
674,2,R07,Beverages,7,5,71.4,44.0,38.8,-5.2,75.2,93.6,5,7,1
675,3,R07,Beverages,6,4,66.7,31.4,29.1,-2.3,82.9,94.0,9,7,3
676,4,R07,Beverages,7,5,71.4,29.3,23.9,-5.4,91.4,98.4,13,7,3
677,5,R07,Beverages,4,3,75.0,43.7,35.6,-8.1,55.8,94.7,15,7,3
678,6,R07,Beverages,7,5,71.4,31.0,31.9,0.9,86.3,97.3,9,7,1
679,7,R07,Beverages,4,3,75.0,28.1,23.4,-4.7,58.7,96.9,7,7,2
680,8,R07,Beverages,4,3,75.0,31.8,29.8,-2.0,76.7,94.2,6,7,3
681,9,R07,Beverages,3,3,100.0,26.3,26.8,0.5,53.6,96.7,0,7,3
682,10,R07,Beverages,2,2,100.0,41.3,39.8,-1.5,86.6,90.3,13,7,1
683,11,R07,Beverages,5,4,80.0,29.9,27.8,-2.1,74.9,90.9,10,7,3
684,12,R07,Beverages,6,6,100.0,41.9,36.0,-5.9,59.1,88.3,4,7,0
685,1,R08,Beverages,6,6,100.0,23.0,21.9,-1.1,83.3,97.5,14,7,3
686,2,R08,Beverages,7,7,100.0,27.9,25.2,-2.7,84.2,91.0,12,7,3
687,3,R08,Beverages,6,5,83.3,44.7,37.6,-7.1,76.1,98.0,1,7,1
688,4,R08,Beverages,8,8,100.0,40.3,41.1,0.8,65.8,97.0,12,7,0
689,5,R08,Beverages,5,5,100.0,37.3,30.5,-6.8,49.3,92.2,4,7,0
690,6,R08,Beverages,6,6,100.0,30.3,29.0,-1.3,68.1,97.3,15,7,0
691,7,R08,Beverages,3,2,66.7,33.6,32.9,-0.7,91.5,96.2,15,7,3
692,8,R08,Beverages,4,3,75.0,28.6,24.2,-4.4,59.0,97.3,13,7,1
693,9,R08,Beverages,2,1,50.0,39.0,36.0,-3.0,67.2,95.2,2,7,1
694,10,R08,Beverages,7,6,85.7,39.0,32.9,-6.1,82.3,97.4,15,7,2
695,11,R08,Beverages,5,4,80.0,44.0,44.5,0.5,66.7,98.7,9,7,1
696,12,R08,Beverages,4,4,100.0,22.5,23.3,0.8,76.4,96.0,9,7,2
697,1,R09,Beverages,7,6,85.7,30.1,24.4,-5.7,68.8,95.6,14,7,2
698,2,R09,Beverages,6,5,83.3,31.5,31.7,0.2,87.4,88.8,8,7,1
699,3,R09,Beverages,2,1,50.0,36.9,34.7,-2.2,81.3,93.6,8,7,0
700,4,R09,Beverages,4,3,75.0,31.7,25.4,-6.3,57.8,91.0,1,7,0
701,5,R09,Beverages,6,4,66.7,30.2,30.5,0.3,48.5,98.9,6,7,3
702,6,R09,Beverages,2,1,50.0,40.5,42.1,1.6,69.0,90.4,5,7,1
703,7,R09,Beverages,7,5,71.4,39.9,36.8,-3.1,84.9,91.6,1,7,2
704,8,R09,Beverages,6,6,100.0,36.3,29.7,-6.6,90.6,91.4,5,7,2
705,9,R09,Beverages,4,3,75.0,24.1,25.1,1.0,52.1,91.2,10,7,1
706,10,R09,Beverages,6,6,100.0,33.0,33.7,0.7,64.5,95.1,0,7,2
707,11,R09,Beverages,8,7,87.5,26.0,26.4,0.4,50.0,94.0,4,7,3
708,12,R09,Beverages,4,4,100.0,44.1,45.8,1.7,84.1,95.9,15,7,0
709,1,R10,Beverages,2,1,50.0,21.7,21.3,-0.4,88.7,98.5,10,7,0
710,2,R10,Beverages,2,1,50.0,37.7,36.0,-1.7,77.8,94.3,14,7,3
711,3,R10,Beverages,7,5,71.4,34.1,32.2,-1.9,58.3,98.1,8,7,3
712,4,R10,Beverages,3,2,66.7,41.7,40.8,-0.9,90.9,94.6,10,7,1
713,5,R10,Beverages,7,6,85.7,28.6,24.9,-3.7,84.3,89.5,1,7,0
714,6,R10,Beverages,6,4,66.7,37.4,33.1,-4.3,60.5,96.2,14,7,0
715,7,R10,Beverages,5,5,100.0,22.7,22.1,-0.6,80.4,89.2,4,7,1
716,8,R10,Beverages,7,6,85.7,22.5,22.7,0.2,53.8,91.2,0,7,0
717,9,R10,Beverages,8,7,87.5,35.6,30.1,-5.5,81.5,88.0,15,7,2
718,10,R10,Beverages,7,6,85.7,30.6,31.6,1.0,87.7,95.6,6,7,1
719,11,R10,Beverages,8,8,100.0,42.1,36.4,-5.7,77.3,95.2,4,7,2
720,12,R10,Beverages,8,7,87.5,25.4,22.2,-3.2,63.1,93.0,3,7,0
721,1,R01,Coffee,6,6,100.0,28.9,28.9,0.0,59.6,92.0,11,3,3
722,2,R01,Coffee,3,2,66.7,41.4,43.3,1.9,59.1,98.6,7,3,2
723,3,R01,Coffee,2,1,50.0,30.4,26.1,-4.3,84.6,97.3,10,3,0
724,4,R01,Coffee,3,2,66.7,34.8,28.6,-6.2,61.6,88.1,4,3,3
725,5,R01,Coffee,5,4,80.0,40.2,38.4,-1.8,91.4,89.3,5,3,3
726,6,R01,Coffee,5,4,80.0,42.5,34.7,-7.8,82.8,94.2,14,3,3
727,7,R01,Coffee,7,5,71.4,31.2,28.1,-3.1,91.4,95.6,1,3,0
728,8,R01,Coffee,3,2,66.7,40.2,34.8,-5.4,46.0,92.4,3,3,3
729,9,R01,Coffee,3,2,66.7,44.7,46.8,2.1,68.1,89.8,1,3,3
730,10,R01,Coffee,3,2,66.7,29.3,29.1,-0.2,79.7,93.1,15,3,0
731,11,R01,Coffee,8,6,75.0,34.3,32.3,-2.0,91.8,89.8,14,3,1
732,12,R01,Coffee,7,7,100.0,21.9,17.6,-4.3,84.7,92.1,6,3,1
733,1,R02,Coffee,8,7,87.5,36.0,34.3,-1.7,83.0,88.2,8,3,0
734,2,R02,Coffee,2,1,50.0,30.8,28.3,-2.5,81.4,93.1,2,3,1
735,3,R02,Coffee,2,1,50.0,26.8,28.0,1.2,88.9,98.1,13,3,0
736,4,R02,Coffee,2,1,50.0,26.2,21.1,-5.1,50.7,97.5,4,3,2
737,5,R02,Coffee,2,2,100.0,45.0,37.7,-7.3,67.2,95.1,13,3,0
738,6,R02,Coffee,8,6,75.0,44.8,40.6,-4.2,71.5,93.9,11,3,1
739,7,R02,Coffee,6,4,66.7,41.4,39.9,-1.5,51.3,92.0,5,3,3
740,8,R02,Coffee,5,5,100.0,28.3,26.5,-1.8,90.9,93.1,10,3,3
741,9,R02,Coffee,2,1,50.0,42.0,40.8,-1.2,62.5,90.2,15,3,3
742,10,R02,Coffee,5,4,80.0,39.1,34.9,-4.2,72.5,98.2,10,3,3
743,11,R02,Coffee,8,7,87.5,21.2,17.8,-3.4,65.9,89.3,1,3,1
744,12,R02,Coffee,6,5,83.3,42.8,35.3,-7.5,77.5,94.7,12,3,3
745,1,R03,Coffee,4,4,100.0,40.0,36.1,-3.9,45.1,90.0,3,3,0
746,2,R03,Coffee,7,5,71.4,43.3,37.6,-5.7,60.2,93.9,2,3,2
747,3,R03,Coffee,3,2,66.7,36.1,34.4,-1.7,88.6,88.7,5,3,2
748,4,R03,Coffee,2,1,50.0,27.4,23.0,-4.4,85.8,92.6,13,3,2
749,5,R03,Coffee,3,2,66.7,27.5,23.8,-3.7,74.1,92.7,8,3,0
750,6,R03,Coffee,3,2,66.7,30.4,27.9,-2.5,58.5,92.8,8,3,0
751,7,R03,Coffee,4,4,100.0,30.6,30.7,0.1,55.7,90.5,1,3,3
752,8,R03,Coffee,2,1,50.0,25.4,24.5,-0.9,58.6,91.2,8,3,0
753,9,R03,Coffee,6,5,83.3,27.1,27.0,-0.1,75.0,97.2,7,3,2
754,10,R03,Coffee,2,1,50.0,27.9,27.5,-0.4,86.2,98.8,9,3,0
755,11,R03,Coffee,2,1,50.0,30.7,28.6,-2.1,90.2,95.0,6,3,3
756,12,R03,Coffee,6,5,83.3,34.4,33.5,-0.9,59.1,94.8,6,3,1
757,1,R04,Coffee,4,3,75.0,30.7,30.7,0.0,62.2,90.4,2,3,1
758,2,R04,Coffee,8,7,87.5,31.1,25.4,-5.7,54.2,96.1,7,3,0
759,3,R04,Coffee,7,5,71.4,32.8,31.9,-0.9,85.5,99.0,0,3,2
760,4,R04,Coffee,8,7,87.5,22.6,20.0,-2.6,72.8,92.4,14,3,1
761,5,R04,Coffee,6,6,100.0,38.1,39.2,1.1,54.6,91.0,11,3,3
762,6,R04,Coffee,3,2,66.7,34.8,30.2,-4.6,55.3,94.9,6,3,1
763,7,R04,Coffee,7,6,85.7,36.1,32.3,-3.8,77.7,91.1,14,3,2
764,8,R04,Coffee,6,4,66.7,35.3,34.6,-0.7,75.4,95.2,14,3,3
765,9,R04,Coffee,6,6,100.0,40.3,42.1,1.8,64.5,98.5,15,3,2
766,10,R04,Coffee,2,1,50.0,20.3,19.2,-1.1,74.5,91.2,6,3,0
767,11,R04,Coffee,8,7,87.5,38.5,31.1,-7.4,56.6,95.7,13,3,1
768,12,R04,Coffee,3,2,66.7,21.0,18.4,-2.6,91.5,98.1,15,3,2
769,1,R05,Coffee,4,4,100.0,24.5,24.5,0.0,49.7,91.9,6,3,3
770,2,R05,Coffee,8,8,100.0,44.7,42.9,-1.8,79.6,94.3,2,3,0
771,3,R05,Coffee,7,7,100.0,43.1,43.1,0.0,46.7,89.2,0,3,0
772,4,R05,Coffee,3,2,66.7,29.9,30.0,0.1,51.3,97.8,11,3,0
773,5,R05,Coffee,5,5,100.0,41.8,43.3,1.5,64.0,88.6,1,3,0
774,6,R05,Coffee,5,4,80.0,23.0,19.9,-3.1,64.0,96.0,5,3,1
775,7,R05,Coffee,5,5,100.0,40.0,34.5,-5.5,91.5,92.2,15,3,2
776,8,R05,Coffee,5,4,80.0,40.5,38.5,-2.0,51.6,88.3,9,3,1
777,9,R05,Coffee,4,3,75.0,23.0,19.1,-3.9,52.4,90.8,10,3,3
778,10,R05,Coffee,2,2,100.0,36.9,36.2,-0.7,81.7,98.7,2,3,2
779,11,R05,Coffee,5,4,80.0,33.1,29.9,-3.2,69.0,94.4,6,3,1
780,12,R05,Coffee,2,1,50.0,25.8,26.7,0.9,70.6,93.0,8,3,3
781,1,R06,Coffee,8,8,100.0,23.5,20.0,-3.5,60.5,89.7,1,3,2
782,2,R06,Coffee,2,1,50.0,29.3,23.8,-5.5,92.0,98.4,8,3,2
783,3,R06,Coffee,4,3,75.0,29.9,26.0,-3.9,85.7,98.0,13,3,1
784,4,R06,Coffee,7,6,85.7,35.8,35.9,0.1,71.2,91.7,1,3,3
785,5,R06,Coffee,2,1,50.0,22.0,21.1,-0.9,85.1,95.4,6,3,2
786,6,R06,Coffee,7,6,85.7,35.0,28.5,-6.5,71.0,90.6,8,3,1
787,7,R06,Coffee,2,2,100.0,30.1,30.6,0.5,74.1,96.9,2,3,3
788,8,R06,Coffee,8,6,75.0,39.7,34.7,-5.0,61.6,96.9,5,3,2
789,9,R06,Coffee,6,6,100.0,29.2,24.7,-4.5,65.3,90.4,14,3,0
790,10,R06,Coffee,7,5,71.4,34.0,35.0,1.0,47.2,90.5,13,3,1
791,11,R06,Coffee,2,1,50.0,23.2,21.5,-1.7,90.9,98.2,14,3,3
792,12,R06,Coffee,2,2,100.0,29.5,24.3,-5.2,48.8,94.2,0,3,3
793,1,R07,Coffee,5,3,60.0,37.5,37.3,-0.2,80.9,93.5,2,3,1
794,2,R07,Coffee,5,3,60.0,34.9,34.9,0.0,55.4,90.2,12,3,1
795,3,R07,Coffee,6,5,83.3,25.5,22.7,-2.8,89.0,88.8,3,3,0
796,4,R07,Coffee,3,2,66.7,21.7,22.6,0.9,88.0,96.1,12,3,1
797,5,R07,Coffee,8,8,100.0,26.9,24.7,-2.2,65.5,91.0,1,3,2
798,6,R07,Coffee,6,5,83.3,38.4,32.1,-6.3,69.3,88.1,11,3,3
799,7,R07,Coffee,5,3,60.0,25.2,20.2,-5.0,70.3,88.1,14,3,3
800,8,R07,Coffee,8,7,87.5,40.5,33.4,-7.1,81.1,91.5,6,3,3
801,9,R07,Coffee,4,3,75.0,42.2,41.1,-1.1,55.2,90.7,7,3,3
802,10,R07,Coffee,8,6,75.0,31.2,28.9,-2.3,51.9,97.7,5,3,1
803,11,R07,Coffee,7,5,71.4,39.5,37.0,-2.5,50.2,98.6,8,3,3
804,12,R07,Coffee,7,5,71.4,38.2,30.7,-7.5,90.9,96.4,8,3,1
805,1,R08,Coffee,5,3,60.0,29.5,30.2,0.7,48.7,97.5,11,3,0
806,2,R08,Coffee,6,5,83.3,30.4,30.6,0.2,52.8,91.7,6,3,2
807,3,R08,Coffee,3,2,66.7,27.7,27.0,-0.7,71.7,88.0,4,3,2
808,4,R08,Coffee,3,3,100.0,27.4,26.5,-0.9,62.9,88.8,13,3,3
809,5,R08,Coffee,3,2,66.7,30.1,30.5,0.4,58.2,93.3,4,3,0
810,6,R08,Coffee,3,2,66.7,43.5,45.1,1.6,73.7,98.1,12,3,3
811,7,R08,Coffee,7,6,85.7,27.1,22.6,-4.5,65.5,98.3,0,3,3
812,8,R08,Coffee,7,5,71.4,24.3,23.3,-1.0,63.0,91.6,5,3,0
813,9,R08,Coffee,4,3,75.0,21.8,21.3,-0.5,68.4,89.0,5,3,2
814,10,R08,Coffee,8,8,100.0,31.8,28.9,-2.9,69.1,88.9,15,3,0
815,11,R08,Coffee,7,5,71.4,26.9,23.6,-3.3,88.5,98.3,11,3,2
816,12,R08,Coffee,7,6,85.7,29.9,31.0,1.1,51.1,96.9,11,3,0
817,1,R09,Coffee,2,1,50.0,43.6,41.8,-1.8,57.6,96.9,8,3,2
818,2,R09,Coffee,4,3,75.0,43.1,37.3,-5.8,76.9,97.8,7,3,1
819,3,R09,Coffee,8,7,87.5,20.2,16.8,-3.4,58.0,96.9,15,3,1
820,4,R09,Coffee,5,4,80.0,40.9,40.0,-0.9,46.5,93.7,6,3,3
821,5,R09,Coffee,6,5,83.3,20.2,16.3,-3.9,83.4,91.3,10,3,2
822,6,R09,Coffee,6,4,66.7,23.6,24.8,1.2,50.9,93.3,5,3,1
823,7,R09,Coffee,4,3,75.0,40.8,38.5,-2.3,76.7,92.5,8,3,0
824,8,R09,Coffee,2,2,100.0,31.5,27.3,-4.2,69.1,98.4,11,3,3
825,9,R09,Coffee,6,5,83.3,34.7,29.4,-5.3,72.1,91.1,0,3,3
826,10,R09,Coffee,3,2,66.7,44.6,45.5,0.9,90.4,98.7,5,3,0
827,11,R09,Coffee,7,7,100.0,35.1,28.2,-6.9,47.9,88.2,2,3,2
828,12,R09,Coffee,8,6,75.0,32.4,30.6,-1.8,90.7,95.2,15,3,3
829,1,R10,Coffee,6,4,66.7,21.0,17.0,-4.0,88.6,96.0,10,3,1
830,2,R10,Coffee,2,1,50.0,23.3,20.2,-3.1,87.3,95.7,11,3,1
831,3,R10,Coffee,7,5,71.4,26.5,22.7,-3.8,76.7,89.6,7,3,1
832,4,R10,Coffee,3,3,100.0,41.4,40.7,-0.7,80.6,90.9,5,3,3
833,5,R10,Coffee,6,6,100.0,38.4,37.1,-1.3,89.5,96.2,2,3,2
834,6,R10,Coffee,6,4,66.7,43.1,37.3,-5.8,66.0,90.9,8,3,3
835,7,R10,Coffee,4,3,75.0,22.2,19.2,-3.0,87.4,90.4,7,3,2
836,8,R10,Coffee,4,3,75.0,30.2,28.3,-1.9,56.8,88.0,12,3,2
837,9,R10,Coffee,3,2,66.7,26.7,28.0,1.3,55.2,98.5,3,3,3
838,10,R10,Coffee,3,3,100.0,37.2,34.4,-2.8,88.2,91.3,13,3,3
839,11,R10,Coffee,4,4,100.0,41.7,38.9,-2.8,53.8,90.9,4,3,0
840,12,R10,Coffee,8,7,87.5,26.3,25.7,-0.6,45.4,96.2,2,3,0
841,1,R01,Frozen Foods,5,4,80.0,26.6,23.9,-2.7,60.6,91.3,14,4,0
842,2,R01,Frozen Foods,8,7,87.5,44.3,43.8,-0.5,46.2,90.0,0,4,1
843,3,R01,Frozen Foods,3,2,66.7,39.6,39.6,0.0,89.5,88.4,0,4,0
844,4,R01,Frozen Foods,7,6,85.7,21.0,20.9,-0.1,60.6,96.7,2,4,0
845,5,R01,Frozen Foods,3,2,66.7,28.1,28.7,0.6,46.3,96.2,14,4,2
846,6,R01,Frozen Foods,5,4,80.0,24.4,23.7,-0.7,81.1,96.9,2,4,0
847,7,R01,Frozen Foods,2,1,50.0,23.1,21.7,-1.4,60.8,90.8,8,4,3
848,8,R01,Frozen Foods,8,6,75.0,30.6,32.1,1.5,48.6,91.8,1,4,3
849,9,R01,Frozen Foods,5,5,100.0,26.8,25.9,-0.9,90.6,93.2,8,4,3
850,10,R01,Frozen Foods,2,2,100.0,25.9,21.9,-4.0,46.3,98.8,4,4,0
851,11,R01,Frozen Foods,4,3,75.0,33.9,27.3,-6.6,52.9,91.9,3,4,0
852,12,R01,Frozen Foods,5,4,80.0,24.8,22.2,-2.6,63.9,88.6,10,4,1
853,1,R02,Frozen Foods,2,1,50.0,32.5,27.1,-5.4,76.2,96.0,3,4,3
854,2,R02,Frozen Foods,6,6,100.0,33.1,28.5,-4.6,83.8,88.3,3,4,0
855,3,R02,Frozen Foods,7,7,100.0,27.5,26.1,-1.4,64.0,93.0,2,4,2
856,4,R02,Frozen Foods,2,1,50.0,40.1,32.2,-7.9,45.6,97.2,10,4,3
857,5,R02,Frozen Foods,2,1,50.0,20.4,18.3,-2.1,65.3,94.9,10,4,3
858,6,R02,Frozen Foods,6,5,83.3,39.2,33.0,-6.2,76.0,99.0,4,4,0
859,7,R02,Frozen Foods,3,3,100.0,23.0,23.5,0.5,54.9,90.9,6,4,3
860,8,R02,Frozen Foods,7,5,71.4,40.7,32.8,-7.9,82.1,98.7,3,4,0
861,9,R02,Frozen Foods,5,5,100.0,33.2,31.8,-1.4,65.7,96.9,8,4,0
862,10,R02,Frozen Foods,7,6,85.7,28.6,25.8,-2.8,86.4,95.5,1,4,1
863,11,R02,Frozen Foods,7,7,100.0,29.6,24.1,-5.5,76.9,90.8,14,4,0
864,12,R02,Frozen Foods,4,4,100.0,22.3,21.9,-0.4,50.1,90.2,4,4,0
865,1,R03,Frozen Foods,3,3,100.0,20.9,20.9,0.0,62.2,90.9,13,4,1
866,2,R03,Frozen Foods,5,4,80.0,25.0,20.1,-4.9,63.3,97.4,9,4,1
867,3,R03,Frozen Foods,7,7,100.0,36.0,34.4,-1.6,57.0,94.3,1,4,1
868,4,R03,Frozen Foods,4,3,75.0,24.4,20.5,-3.9,73.5,98.1,5,4,1
869,5,R03,Frozen Foods,5,5,100.0,32.3,32.7,0.4,47.0,88.4,7,4,1
870,6,R03,Frozen Foods,5,4,80.0,30.3,30.9,0.6,80.9,90.4,0,4,2
871,7,R03,Frozen Foods,4,3,75.0,37.7,31.5,-6.2,67.5,88.6,4,4,0
872,8,R03,Frozen Foods,5,4,80.0,36.9,38.6,1.7,70.7,88.4,9,4,1
873,9,R03,Frozen Foods,4,3,75.0,43.1,41.6,-1.5,47.2,88.5,15,4,1
874,10,R03,Frozen Foods,3,2,66.7,44.5,36.6,-7.9,59.7,94.6,3,4,3
875,11,R03,Frozen Foods,2,1,50.0,22.9,23.6,0.7,61.4,95.5,9,4,0
876,12,R03,Frozen Foods,3,3,100.0,34.7,35.1,0.4,81.8,97.1,2,4,2
877,1,R04,Frozen Foods,5,3,60.0,31.9,28.3,-3.6,52.8,93.9,7,4,1
878,2,R04,Frozen Foods,7,7,100.0,37.9,37.2,-0.7,59.2,95.4,10,4,3
879,3,R04,Frozen Foods,4,3,75.0,28.1,23.5,-4.6,68.9,90.0,4,4,1
880,4,R04,Frozen Foods,4,3,75.0,40.9,42.8,1.9,59.3,91.0,15,4,1
881,5,R04,Frozen Foods,4,3,75.0,39.0,40.5,1.5,66.6,95.2,14,4,1
882,6,R04,Frozen Foods,8,6,75.0,31.5,28.8,-2.7,51.6,90.6,2,4,3
883,7,R04,Frozen Foods,2,1,50.0,29.4,26.2,-3.2,61.3,92.6,1,4,2
884,8,R04,Frozen Foods,8,7,87.5,36.8,32.9,-3.9,51.6,92.3,2,4,3
885,9,R04,Frozen Foods,3,2,66.7,34.8,29.7,-5.1,71.6,88.9,4,4,0
886,10,R04,Frozen Foods,3,2,66.7,24.7,23.1,-1.6,88.2,88.1,14,4,2
887,11,R04,Frozen Foods,3,2,66.7,32.6,27.3,-5.3,71.9,89.0,7,4,1
888,12,R04,Frozen Foods,8,6,75.0,41.2,36.5,-4.7,64.7,97.3,3,4,2
889,1,R05,Frozen Foods,5,5,100.0,40.1,34.4,-5.7,66.1,98.0,11,4,2
890,2,R05,Frozen Foods,8,7,87.5,27.4,27.5,0.1,55.1,92.0,4,4,1
891,3,R05,Frozen Foods,7,7,100.0,34.4,30.1,-4.3,63.2,90.1,11,4,3
892,4,R05,Frozen Foods,3,2,66.7,29.2,25.1,-4.1,73.0,97.1,1,4,1
893,5,R05,Frozen Foods,3,2,66.7,22.8,20.2,-2.6,84.9,94.9,5,4,2
894,6,R05,Frozen Foods,8,7,87.5,37.8,39.5,1.7,66.2,98.2,0,4,3
895,7,R05,Frozen Foods,7,6,85.7,38.1,34.5,-3.6,64.8,92.4,6,4,3
896,8,R05,Frozen Foods,7,5,71.4,33.7,33.6,-0.1,61.8,96.2,15,4,1
897,9,R05,Frozen Foods,6,4,66.7,40.3,32.4,-7.9,63.0,96.1,13,4,0
898,10,R05,Frozen Foods,5,4,80.0,41.8,40.9,-0.9,76.1,91.2,1,4,1
899,11,R05,Frozen Foods,5,4,80.0,31.4,28.8,-2.6,59.6,92.0,1,4,3
900,12,R05,Frozen Foods,4,4,100.0,32.6,29.1,-3.5,74.5,99.0,11,4,2
901,1,R06,Frozen Foods,2,1,50.0,27.7,26.8,-0.9,74.1,89.5,3,4,1
902,2,R06,Frozen Foods,7,7,100.0,41.7,38.5,-3.2,51.2,97.9,15,4,0
903,3,R06,Frozen Foods,5,4,80.0,32.7,33.6,0.9,58.0,91.8,9,4,3
904,4,R06,Frozen Foods,2,1,50.0,25.2,22.5,-2.7,63.1,97.8,8,4,3
905,5,R06,Frozen Foods,8,8,100.0,22.0,21.6,-0.4,87.2,93.6,6,4,3
906,6,R06,Frozen Foods,7,6,85.7,20.6,21.1,0.5,56.7,96.8,3,4,0
907,7,R06,Frozen Foods,3,2,66.7,26.2,22.7,-3.5,57.7,94.6,11,4,1
908,8,R06,Frozen Foods,4,3,75.0,45.0,44.8,-0.2,88.9,94.8,6,4,2
909,9,R06,Frozen Foods,2,1,50.0,22.4,21.4,-1.0,56.8,88.4,13,4,3
910,10,R06,Frozen Foods,8,8,100.0,22.7,19.5,-3.2,71.5,95.6,6,4,3
911,11,R06,Frozen Foods,8,7,87.5,21.3,18.7,-2.6,53.7,97.2,10,4,2
912,12,R06,Frozen Foods,2,1,50.0,32.1,33.2,1.1,78.3,92.5,10,4,2
913,1,R07,Frozen Foods,6,4,66.7,40.6,39.9,-0.7,67.3,89.5,14,4,2
914,2,R07,Frozen Foods,5,4,80.0,26.8,27.2,0.4,82.3,98.8,0,4,0
915,3,R07,Frozen Foods,5,3,60.0,28.6,24.9,-3.7,71.9,93.0,7,4,0
916,4,R07,Frozen Foods,3,2,66.7,31.9,31.6,-0.3,48.9,89.3,9,4,1
917,5,R07,Frozen Foods,6,5,83.3,36.3,33.0,-3.3,58.9,88.6,10,4,1
918,6,R07,Frozen Foods,6,5,83.3,31.7,25.8,-5.9,79.5,88.9,14,4,2
919,7,R07,Frozen Foods,6,5,83.3,31.7,26.4,-5.3,47.3,91.4,12,4,2
920,8,R07,Frozen Foods,5,5,100.0,37.2,37.4,0.2,48.5,89.9,10,4,0
921,9,R07,Frozen Foods,6,4,66.7,32.4,26.4,-6.0,65.5,95.4,15,4,1
922,10,R07,Frozen Foods,2,1,50.0,42.1,44.0,1.9,66.3,88.9,9,4,2
923,11,R07,Frozen Foods,5,4,80.0,31.3,28.2,-3.1,58.5,88.4,7,4,1
924,12,R07,Frozen Foods,4,3,75.0,28.3,24.3,-4.0,53.3,89.1,4,4,1
925,1,R08,Frozen Foods,4,3,75.0,28.9,28.1,-0.8,78.7,97.1,11,4,2
926,2,R08,Frozen Foods,2,2,100.0,41.3,41.2,-0.1,81.1,94.7,11,4,2
927,3,R08,Frozen Foods,4,3,75.0,26.3,27.5,1.2,83.7,90.1,2,4,3
928,4,R08,Frozen Foods,7,7,100.0,32.7,31.4,-1.3,85.0,89.4,3,4,2
929,5,R08,Frozen Foods,8,7,87.5,40.0,40.2,0.2,80.5,98.3,11,4,3
930,6,R08,Frozen Foods,4,3,75.0,38.1,36.2,-1.9,65.9,88.0,9,4,2
931,7,R08,Frozen Foods,4,3,75.0,32.6,29.8,-2.8,58.2,88.7,0,4,3
932,8,R08,Frozen Foods,4,3,75.0,41.6,38.4,-3.2,87.7,98.3,1,4,2
933,9,R08,Frozen Foods,2,1,50.0,41.6,40.5,-1.1,80.5,90.6,15,4,3
934,10,R08,Frozen Foods,4,3,75.0,23.9,24.3,0.4,81.6,94.9,12,4,0
935,11,R08,Frozen Foods,6,5,83.3,23.1,21.6,-1.5,75.6,93.1,11,4,1
936,12,R08,Frozen Foods,3,2,66.7,41.1,37.7,-3.4,63.7,96.5,2,4,2
937,1,R09,Frozen Foods,7,7,100.0,32.7,28.0,-4.7,56.3,95.7,11,4,3
938,2,R09,Frozen Foods,3,2,66.7,27.4,28.4,1.0,50.1,96.0,3,4,2
939,3,R09,Frozen Foods,5,5,100.0,40.5,32.7,-7.8,74.9,94.2,4,4,3
940,4,R09,Frozen Foods,2,1,50.0,31.5,28.7,-2.8,87.8,91.6,0,4,3
941,5,R09,Frozen Foods,7,6,85.7,33.3,30.1,-3.2,77.7,92.4,9,4,3
942,6,R09,Frozen Foods,4,3,75.0,40.7,38.3,-2.4,90.2,98.3,8,4,0
943,7,R09,Frozen Foods,2,1,50.0,35.2,35.2,0.0,54.5,94.5,9,4,1
944,8,R09,Frozen Foods,8,7,87.5,39.0,38.9,-0.1,57.6,89.5,14,4,2
945,9,R09,Frozen Foods,4,3,75.0,39.9,39.7,-0.2,46.6,93.8,6,4,2
946,10,R09,Frozen Foods,4,4,100.0,32.4,26.4,-6.0,54.2,89.3,9,4,2
947,11,R09,Frozen Foods,6,6,100.0,22.4,19.6,-2.8,58.7,97.5,12,4,0
948,12,R09,Frozen Foods,2,1,50.0,29.1,28.4,-0.7,83.4,94.7,0,4,0
949,1,R10,Frozen Foods,2,1,50.0,34.3,31.2,-3.1,76.0,94.5,2,4,3
950,2,R10,Frozen Foods,2,1,50.0,39.9,40.9,1.0,68.6,92.4,7,4,1
951,3,R10,Frozen Foods,4,3,75.0,33.2,28.8,-4.4,75.4,90.8,13,4,1
952,4,R10,Frozen Foods,2,2,100.0,21.2,20.4,-0.8,63.1,95.9,5,4,0
953,5,R10,Frozen Foods,2,1,50.0,36.5,37.0,0.5,63.4,94.0,11,4,0
954,6,R10,Frozen Foods,2,2,100.0,38.3,31.5,-6.8,59.6,98.1,10,4,1
955,7,R10,Frozen Foods,2,1,50.0,32.9,30.9,-2.0,57.5,96.3,0,4,3
956,8,R10,Frozen Foods,3,2,66.7,28.1,28.5,0.4,69.1,97.6,8,4,3
957,9,R10,Frozen Foods,5,3,60.0,22.7,19.4,-3.3,55.5,91.8,0,4,1
958,10,R10,Frozen Foods,7,6,85.7,23.9,20.1,-3.8,89.0,95.1,1,4,1
959,11,R10,Frozen Foods,6,4,66.7,34.9,28.9,-6.0,45.6,98.2,7,4,0
960,12,R10,Frozen Foods,8,6,75.0,30.8,27.8,-3.0,82.6,90.0,14,4,2
961,1,R01,Desserts,3,2,66.7,30.4,28.4,-2.0,49.1,98.6,6,7,3
962,2,R01,Desserts,3,3,100.0,44.6,45.4,0.8,47.2,93.0,14,7,3
963,3,R01,Desserts,5,4,80.0,44.9,39.1,-5.8,74.2,93.3,1,7,0
964,4,R01,Desserts,4,4,100.0,25.0,21.8,-3.2,56.5,88.9,10,7,3
965,5,R01,Desserts,3,2,66.7,26.4,21.5,-4.9,54.5,92.2,1,7,3
966,6,R01,Desserts,4,3,75.0,36.2,30.5,-5.7,81.0,88.6,15,7,2
967,7,R01,Desserts,4,3,75.0,32.2,33.8,1.6,63.4,90.0,5,7,3
968,8,R01,Desserts,3,3,100.0,40.8,40.5,-0.3,64.4,94.5,7,7,3
969,9,R01,Desserts,2,1,50.0,39.2,32.2,-7.0,80.5,92.4,3,7,3
970,10,R01,Desserts,2,1,50.0,36.9,32.3,-4.6,72.1,92.6,12,7,0
971,11,R01,Desserts,6,5,83.3,28.2,27.8,-0.4,80.6,95.3,13,7,3
972,12,R01,Desserts,6,6,100.0,25.3,25.6,0.3,88.6,95.1,3,7,3
973,1,R02,Desserts,6,5,83.3,21.1,18.8,-2.3,48.5,91.7,6,7,1
974,2,R02,Desserts,5,3,60.0,27.9,27.5,-0.4,84.1,92.3,11,7,0
975,3,R02,Desserts,2,2,100.0,38.9,39.1,0.2,82.4,93.4,10,7,2
976,4,R02,Desserts,8,8,100.0,23.7,24.7,1.0,61.0,98.0,9,7,0
977,5,R02,Desserts,4,4,100.0,41.0,36.1,-4.9,56.5,96.5,1,7,0
978,6,R02,Desserts,8,8,100.0,42.7,35.8,-6.9,48.4,92.9,7,7,1
979,7,R02,Desserts,6,6,100.0,28.0,23.4,-4.6,88.1,97.6,0,7,1
980,8,R02,Desserts,4,3,75.0,38.2,39.9,1.7,50.9,93.7,1,7,3
981,9,R02,Desserts,6,5,83.3,39.0,35.0,-4.0,51.1,90.5,3,7,2
982,10,R02,Desserts,8,8,100.0,25.4,23.1,-2.3,58.7,91.4,12,7,3
983,11,R02,Desserts,8,8,100.0,35.5,30.4,-5.1,78.4,90.4,0,7,2
984,12,R02,Desserts,7,6,85.7,27.2,25.3,-1.9,78.7,97.4,15,7,1
985,1,R03,Desserts,7,7,100.0,35.5,29.1,-6.4,68.8,91.1,7,7,3
986,2,R03,Desserts,8,7,87.5,38.5,38.6,0.1,84.2,88.8,1,7,1
987,3,R03,Desserts,8,6,75.0,21.5,21.1,-0.4,62.6,90.3,10,7,3
988,4,R03,Desserts,3,2,66.7,40.0,39.2,-0.8,46.8,93.3,4,7,1
989,5,R03,Desserts,5,4,80.0,41.3,37.9,-3.4,46.7,90.7,3,7,3
990,6,R03,Desserts,2,2,100.0,42.4,36.5,-5.9,84.8,88.0,11,7,3
991,7,R03,Desserts,2,1,50.0,37.7,39.2,1.5,75.9,93.7,2,7,3
992,8,R03,Desserts,6,5,83.3,23.2,21.2,-2.0,65.5,96.9,7,7,0
993,9,R03,Desserts,6,6,100.0,42.6,44.6,2.0,90.6,91.5,7,7,0
994,10,R03,Desserts,8,6,75.0,20.8,21.7,0.9,62.2,89.8,6,7,2
995,11,R03,Desserts,4,3,75.0,29.5,27.3,-2.2,80.9,88.7,3,7,3
996,12,R03,Desserts,7,5,71.4,32.1,30.5,-1.6,74.1,98.8,15,7,1
997,1,R04,Desserts,5,4,80.0,22.1,22.3,0.2,67.4,97.0,0,7,2
998,2,R04,Desserts,6,6,100.0,24.1,24.0,-0.1,66.1,94.8,1,7,2
999,3,R04,Desserts,7,5,71.4,35.3,30.0,-5.3,66.7,96.0,1,7,2
1000,4,R04,Desserts,2,1,50.0,38.3,38.1,-0.2,62.3,92.4,3,7,0
1001,5,R04,Desserts,5,4,80.0,31.9,31.0,-0.9,88.0,98.3,7,7,1
1002,6,R04,Desserts,8,6,75.0,23.7,19.2,-4.5,87.6,88.3,7,7,3
1003,7,R04,Desserts,5,4,80.0,20.6,21.3,0.7,75.1,94.4,11,7,3
1004,8,R04,Desserts,4,3,75.0,29.9,25.6,-4.3,68.7,88.8,4,7,1
1005,9,R04,Desserts,8,7,87.5,37.9,34.8,-3.1,88.1,90.6,3,7,0
1006,10,R04,Desserts,2,1,50.0,43.7,37.0,-6.7,68.3,91.1,10,7,1
1007,11,R04,Desserts,3,2,66.7,38.3,34.1,-4.2,78.0,95.0,0,7,0
1008,12,R04,Desserts,8,6,75.0,38.3,36.0,-2.3,50.2,90.8,0,7,1
1009,1,R05,Desserts,8,6,75.0,26.4,24.6,-1.8,81.9,94.1,8,7,1
1010,2,R05,Desserts,3,2,66.7,41.2,35.2,-6.0,47.0,94.7,7,7,1
1011,3,R05,Desserts,2,1,50.0,22.2,18.7,-3.5,85.4,90.7,14,7,0
1012,4,R05,Desserts,7,6,85.7,23.1,23.9,0.8,84.7,97.5,6,7,2
1013,5,R05,Desserts,6,5,83.3,22.9,22.3,-0.6,88.8,91.3,5,7,3
1014,6,R05,Desserts,5,4,80.0,31.4,27.7,-3.7,68.3,95.0,7,7,3
1015,7,R05,Desserts,7,6,85.7,33.5,27.0,-6.5,84.4,94.9,7,7,0
1016,8,R05,Desserts,2,1,50.0,28.9,25.8,-3.1,59.3,95.1,4,7,2
1017,9,R05,Desserts,2,2,100.0,40.5,35.9,-4.6,45.8,98.0,4,7,3
1018,10,R05,Desserts,2,1,50.0,24.7,22.9,-1.8,78.2,92.5,14,7,1
1019,11,R05,Desserts,6,4,66.7,35.6,33.1,-2.5,46.8,98.4,0,7,2
1020,12,R05,Desserts,7,6,85.7,40.8,40.2,-0.6,48.5,96.7,11,7,2
1021,1,R06,Desserts,5,4,80.0,20.8,17.7,-3.1,47.3,97.6,2,7,2
1022,2,R06,Desserts,8,6,75.0,35.7,37.2,1.5,76.6,97.1,0,7,3
1023,3,R06,Desserts,7,7,100.0,22.1,20.1,-2.0,74.0,95.8,11,7,2
1024,4,R06,Desserts,3,2,66.7,21.6,18.1,-3.5,73.6,88.4,7,7,1
1025,5,R06,Desserts,2,2,100.0,25.2,22.0,-3.2,74.2,96.7,14,7,0
1026,6,R06,Desserts,3,2,66.7,23.8,19.9,-3.9,91.5,96.0,4,7,3
1027,7,R06,Desserts,8,6,75.0,32.2,26.7,-5.5,90.3,89.6,1,7,1
1028,8,R06,Desserts,8,8,100.0,27.7,26.0,-1.7,72.9,93.6,6,7,1
1029,9,R06,Desserts,8,7,87.5,23.9,23.5,-0.4,63.9,89.8,2,7,3
1030,10,R06,Desserts,2,1,50.0,27.8,22.5,-5.3,55.4,97.4,13,7,2
1031,11,R06,Desserts,7,5,71.4,27.8,27.9,0.1,48.2,93.2,15,7,3
1032,12,R06,Desserts,5,5,100.0,25.9,26.6,0.7,82.9,89.7,7,7,0
1033,1,R07,Desserts,2,1,50.0,39.3,35.6,-3.7,50.8,89.4,8,7,3
1034,2,R07,Desserts,7,6,85.7,20.8,20.4,-0.4,74.1,89.8,3,7,3
1035,3,R07,Desserts,8,7,87.5,32.0,32.6,0.6,75.4,89.4,2,7,2
1036,4,R07,Desserts,6,4,66.7,43.3,35.4,-7.9,55.9,92.7,5,7,3
1037,5,R07,Desserts,6,5,83.3,24.6,19.8,-4.8,48.1,91.3,11,7,0
1038,6,R07,Desserts,7,5,71.4,23.3,19.3,-4.0,83.7,94.1,10,7,2
1039,7,R07,Desserts,2,1,50.0,41.8,35.1,-6.7,70.5,89.4,10,7,1
1040,8,R07,Desserts,7,7,100.0,40.9,38.6,-2.3,46.2,91.1,3,7,0
1041,9,R07,Desserts,5,5,100.0,29.7,31.0,1.3,65.7,89.0,3,7,2
1042,10,R07,Desserts,8,7,87.5,24.4,19.8,-4.6,86.5,96.6,0,7,1
1043,11,R07,Desserts,4,3,75.0,35.3,28.3,-7.0,48.3,93.7,11,7,0
1044,12,R07,Desserts,4,3,75.0,40.4,39.1,-1.3,65.7,88.9,7,7,2
1045,1,R08,Desserts,4,4,100.0,36.2,36.6,0.4,88.7,95.6,3,7,1
1046,2,R08,Desserts,6,5,83.3,28.2,25.0,-3.2,77.7,96.4,3,7,3
1047,3,R08,Desserts,2,1,50.0,41.8,36.6,-5.2,87.8,94.7,0,7,3
1048,4,R08,Desserts,5,5,100.0,39.7,41.4,1.7,79.9,98.5,4,7,0
1049,5,R08,Desserts,6,5,83.3,34.8,33.1,-1.7,76.2,97.8,10,7,0
1050,6,R08,Desserts,2,1,50.0,25.8,25.3,-0.5,45.2,90.7,14,7,0
1051,7,R08,Desserts,7,6,85.7,25.0,22.2,-2.8,55.1,89.1,11,7,3
1052,8,R08,Desserts,8,6,75.0,21.7,17.4,-4.3,78.8,97.2,4,7,0
1053,9,R08,Desserts,5,4,80.0,31.8,27.5,-4.3,76.2,92.6,9,7,1
1054,10,R08,Desserts,4,4,100.0,42.5,40.4,-2.1,51.8,92.3,11,7,2
1055,11,R08,Desserts,6,5,83.3,41.8,35.8,-6.0,63.9,91.9,14,7,3
1056,12,R08,Desserts,2,1,50.0,42.1,42.3,0.2,54.7,88.8,14,7,2
1057,1,R09,Desserts,2,1,50.0,32.9,31.0,-1.9,85.4,91.8,13,7,2
1058,2,R09,Desserts,2,1,50.0,32.7,29.9,-2.8,83.1,96.9,5,7,0
1059,3,R09,Desserts,7,6,85.7,41.3,37.2,-4.1,72.7,91.1,14,7,3
1060,4,R09,Desserts,6,5,83.3,44.4,38.5,-5.9,47.4,95.0,2,7,3
1061,5,R09,Desserts,8,6,75.0,35.4,36.7,1.3,84.1,89.2,0,7,1
1062,6,R09,Desserts,5,4,80.0,28.8,25.4,-3.4,47.1,98.1,2,7,2
1063,7,R09,Desserts,2,1,50.0,29.4,29.9,0.5,71.0,98.1,4,7,1
1064,8,R09,Desserts,2,2,100.0,28.9,28.8,-0.1,60.7,94.6,12,7,1
1065,9,R09,Desserts,3,3,100.0,34.5,31.4,-3.1,85.6,98.0,3,7,0
1066,10,R09,Desserts,2,1,50.0,41.9,39.7,-2.2,54.9,90.5,7,7,0
1067,11,R09,Desserts,7,7,100.0,42.5,37.2,-5.3,46.8,89.6,7,7,0
1068,12,R09,Desserts,3,2,66.7,33.3,32.6,-0.7,53.4,89.1,4,7,3
1069,1,R10,Desserts,5,4,80.0,26.6,22.3,-4.3,51.8,93.5,6,7,1
1070,2,R10,Desserts,2,2,100.0,39.2,34.1,-5.1,69.5,95.8,12,7,2
1071,3,R10,Desserts,4,3,75.0,25.7,25.8,0.1,66.3,98.7,5,7,1
1072,4,R10,Desserts,4,3,75.0,23.8,23.3,-0.5,76.3,95.5,7,7,1
1073,5,R10,Desserts,4,3,75.0,24.9,25.3,0.4,86.5,96.9,6,7,3
1074,6,R10,Desserts,5,4,80.0,28.8,28.1,-0.7,82.5,93.9,13,7,0
1075,7,R10,Desserts,8,6,75.0,43.1,35.6,-7.5,49.3,91.3,0,7,1
1076,8,R10,Desserts,8,6,75.0,29.0,24.3,-4.7,56.4,94.4,7,7,1
1077,9,R10,Desserts,6,6,100.0,44.8,45.5,0.7,64.3,89.5,15,7,3
1078,10,R10,Desserts,3,3,100.0,39.0,38.8,-0.2,85.6,88.6,4,7,0
1079,11,R10,Desserts,3,3,100.0,33.8,29.2,-4.6,90.3,93.0,12,7,2
1080,12,R10,Desserts,5,4,80.0,42.1,40.3,-1.8,71.9,93.8,3,7,3
